Date,State,Petrol Price,Gold price(24k),Petrol_Change,Gold_Change
16-Jul-17,Tamil Nadu,66.57,2800,Na,Na
17-Jul-17,Tamil Nadu,66.61,2781,Increase,Decrease
18-Jul-17,Tamil Nadu,66.67,2792,Increase,Increase
19-Jul-17,Tamil Nadu,66.67,2805,Same,Increase
20-Jul-17,Tamil Nadu,66.72,2817,Increase,Increase
21-Jul-17,Tamil Nadu,66.75,2844,Increase,Increase
22-Jul-17,Tamil Nadu,66.77,2863,Increase,Increase
23-Jul-17,Tamil Nadu,66.88,2863,Increase,Same
24-Jul-17,Tamil Nadu,67.01,2864,Increase,Increase
25-Jul-17,Tamil Nadu,67.05,2857,Increase,Decrease
26-Jul-17,Tamil Nadu,67.06,2844,Increase,Decrease
27-Jul-17,Tamil Nadu,67.07,2867,Increase,Increase
28-Jul-17,Tamil Nadu,67.18,2859,Increase,Decrease
29-Jul-17,Tamil Nadu,67.37,2873,Increase,Increase
30-Jul-17,Tamil Nadu,67.51,2873,Increase,Same
31-Jul-17,Tamil Nadu,67.78,2872,Increase,Decrease
01-Aug-17,Tamil Nadu,67.71,2873,Decrease,Increase
02-Aug-17,Tamil Nadu,67.78,2863,Increase,Decrease
03-Aug-17,Tamil Nadu,68.02,2847,Increase,Decrease
04-Aug-17,Tamil Nadu,68.34,2867,Increase,Increase
05-Aug-17,Tamil Nadu,68.64,2848,Increase,Decrease
06-Aug-17,Tamil Nadu,68.88,2841,Increase,Decrease
07-Aug-17,Tamil Nadu,69.03,2847,Increase,Increase
08-Aug-17,Tamil Nadu,69.13,2853,Increase,Increase
09-Aug-17,Tamil Nadu,69.2,2863,Increase,Increase
10-Aug-17,Tamil Nadu,69.35,2944,Increase,Increase
11-Aug-17,Tamil Nadu,69.68,2923,Increase,Decrease
12-Aug-17,Tamil Nadu,69.92,2922,Increase,Decrease
13-Aug-17,Tamil Nadu,70.19,2922,Increase,Same
14-Aug-17,Tamil Nadu,70.4,2907,Increase,Decrease
15-Aug-17,Tamil Nadu,70.53,2907,Increase,Same
16-Aug-17,Tamil Nadu,70.59,2886,Increase,Decrease
17-Aug-17,Tamil Nadu,70.7,2915,Increase,Increase
18-Aug-17,Tamil Nadu,70.76,2935,Increase,Increase
19-Aug-17,Tamil Nadu,70.83,2897,Increase,Decrease
20-Aug-17,Tamil Nadu,70.85,2897,Increase,Same
21-Aug-17,Tamil Nadu,71.01,2896,Increase,Decrease
22-Aug-17,Tamil Nadu,71.15,2911,Increase,Increase
23-Aug-17,Tamil Nadu,71.22,2909,Increase,Decrease
24-Aug-17,Tamil Nadu,71.37,2903,Increase,Decrease
25-Aug-17,Tamil Nadu,71.51,2913,Increase,Increase
26-Aug-17,Tamil Nadu,71.52,2913,Increase,Same
27-Aug-17,Tamil Nadu,71.56,2913,Increase,Same
28-Aug-17,Tamil Nadu,71.6,2935,Increase,Increase
29-Aug-17,Tamil Nadu,71.62,2991,Increase,Increase
30-Aug-17,Tamil Nadu,71.62,2964,Same,Decrease
31-Aug-17,Tamil Nadu,71.66,2962,Increase,Decrease
01-Sep-17,Tamil Nadu,71.78,2987,Increase,Increase
02-Sep-17,Tamil Nadu,71.95,2995,Increase,Increase
03-Sep-17,Tamil Nadu,72.08,2995,Increase,Same
04-Sep-17,Tamil Nadu,72.2,3025,Increase,Increase
05-Sep-17,Tamil Nadu,72.25,3012,Increase,Decrease
06-Sep-17,Tamil Nadu,72.25,3030,Same,Increase
07-Sep-17,Tamil Nadu,72.34,3023,Increase,Decrease
08-Sep-17,Tamil Nadu,72.44,3047,Increase,Increase
09-Sep-17,Tamil Nadu,72.58,3040,Increase,Decrease
10-Sep-17,Tamil Nadu,72.73,3040,Increase,Same
11-Sep-17,Tamil Nadu,72.87,3018,Increase,Decrease
12-Sep-17,Tamil Nadu,72.95,3000,Increase,Decrease
13-Sep-17,Tamil Nadu,72.95,3012,Same,Increase
14-Sep-17,Tamil Nadu,72.97,2996,Increase,Decrease
15-Sep-17,Tamil Nadu,73.01,3005,Increase,Increase
16-Sep-17,Tamil Nadu,73.06,2997,Increase,Decrease
17-Sep-17,Tamil Nadu,73.09,2997,Increase,Same
18-Sep-17,Tamil Nadu,73.09,2980,Same,Decrease
19-Sep-17,Tamil Nadu,73.1,2975,Increase,Decrease
20-Sep-17,Tamil Nadu,73.1,2989,Same,Increase
21-Sep-17,Tamil Nadu,73.1,2971,Same,Decrease
22-Sep-17,Tamil Nadu,73.05,2974,Decrease,Increase
23-Sep-17,Tamil Nadu,73,2973,Decrease,Decrease
24-Sep-17,Tamil Nadu,72.97,2973,Decrease,Same
25-Sep-17,Tamil Nadu,72.99,2974,Increase,Increase
26-Sep-17,Tamil Nadu,72.99,3016,Same,Increase
27-Sep-17,Tamil Nadu,72.99,2996,Same,Decrease
28-Sep-17,Tamil Nadu,73.04,2974,Increase,Decrease
29-Sep-17,Tamil Nadu,73.15,2977,Increase,Increase
30-Sep-17,Tamil Nadu,73.25,2984,Increase,Increase
01-Oct-17,Tamil Nadu,73.36,2984,Increase,Same
02-Oct-17,Tamil Nadu,73.43,2979,Increase,Decrease
03-Oct-17,Tamil Nadu,73.48,2955,Increase,Decrease
04-Oct-17,Tamil Nadu,70.85,2954,Decrease,Decrease
05-Oct-17,Tamil Nadu,70.85,2949,Same,Decrease
06-Oct-17,Tamil Nadu,70.83,2941,Decrease,Decrease
07-Oct-17,Tamil Nadu,70.82,2962,Decrease,Increase
08-Oct-17,Tamil Nadu,70.86,2962,Increase,Same
09-Oct-17,Tamil Nadu,70.93,2972,Increase,Increase
10-Oct-17,Tamil Nadu,70.93,2981,Same,Increase
11-Oct-17,Tamil Nadu,70.96,2978,Increase,Decrease
12-Oct-17,Tamil Nadu,70.93,2985,Decrease,Increase
13-Oct-17,Tamil Nadu,70.9,2976,Decrease,Decrease
14-Oct-17,Tamil Nadu,70.85,3002,Decrease,Increase
15-Oct-17,Tamil Nadu,70.8,3002,Decrease,Same
16-Oct-17,Tamil Nadu,70.76,2992,Decrease,Decrease
17-Oct-17,Tamil Nadu,70.73,2972,Decrease,Decrease
18-Oct-17,Tamil Nadu,70.73,2968,Same,Decrease
19-Oct-17,Tamil Nadu,70.8,2966,Increase,Decrease
20-Oct-17,Tamil Nadu,70.87,2970,Increase,Increase
21-Oct-17,Tamil Nadu,70.92,2971,Increase,Increase
22-Oct-17,Tamil Nadu,71.06,2971,Increase,Same
23-Oct-17,Tamil Nadu,71.08,2951,Increase,Decrease
24-Oct-17,Tamil Nadu,71.08,2954,Same,Increase
25-Oct-17,Tamil Nadu,71.1,2946,Increase,Decrease
26-Oct-17,Tamil Nadu,71.14,2944,Increase,Decrease
27-Oct-17,Tamil Nadu,71.21,2941,Increase,Decrease
28-Oct-17,Tamil Nadu,71.34,2950,Increase,Increase
29-Oct-17,Tamil Nadu,71.42,2950,Increase,Same
30-Oct-17,Tamil Nadu,71.58,2941,Increase,Decrease
31-Oct-17,Tamil Nadu,71.64,2941,Increase,Same
01-Nov-17,Tamil Nadu,71.65,2933,Increase,Decrease
02-Nov-17,Tamil Nadu,71.77,2930,Increase,Decrease
03-Nov-17,Tamil Nadu,71.86,2925,Increase,Decrease
04-Nov-17,Tamil Nadu,72,2924,Increase,Decrease
05-Nov-17,Tamil Nadu,72.08,2924,Increase,Same
06-Nov-17,Tamil Nadu,72.23,2919,Increase,Decrease
07-Nov-17,Tamil Nadu,72.35,2940,Increase,Increase
08-Nov-17,Tamil Nadu,72.35,2947,Same,Increase
09-Nov-17,Tamil Nadu,72.4,2954,Increase,Increase
10-Nov-17,Tamil Nadu,72.4,2961,Same,Increase
11-Nov-17,Tamil Nadu,72.36,2961,Decrease,Same
12-Nov-17,Tamil Nadu,72.33,2961,Decrease,Same
13-Nov-17,Tamil Nadu,72.33,2960,Same,Decrease
14-Nov-17,Tamil Nadu,72.27,2953,Decrease,Decrease
15-Nov-17,Tamil Nadu,72.22,2964,Decrease,Increase
16-Nov-17,Tamil Nadu,72.19,2950,Decrease,Decrease
17-Nov-17,Tamil Nadu,72.15,2952,Decrease,Increase
18-Nov-17,Tamil Nadu,72.1,2978,Decrease,Increase
19-Nov-17,Tamil Nadu,72.07,2978,Decrease,Same
20-Nov-17,Tamil Nadu,72.04,2972,Decrease,Decrease
21-Nov-17,Tamil Nadu,72.06,2949,Increase,Decrease
22-Nov-17,Tamil Nadu,72.01,2950,Decrease,Increase
23-Nov-17,Tamil Nadu,71.96,2958,Decrease,Increase
24-Nov-17,Tamil Nadu,71.94,2957,Decrease,Decrease
25-Nov-17,Tamil Nadu,71.88,2959,Decrease,Increase
26-Nov-17,Tamil Nadu,71.84,2959,Decrease,Same
27-Nov-17,Tamil Nadu,71.8,2957,Decrease,Decrease
28-Nov-17,Tamil Nadu,71.78,2954,Decrease,Decrease
29-Nov-17,Tamil Nadu,71.78,2954,Same,Same
30-Nov-17,Tamil Nadu,71.76,2937,Decrease,Decrease
01-Dec-17,Tamil Nadu,71.74,2926,Decrease,Decrease
02-Dec-17,Tamil Nadu,71.74,2947,Same,Increase
03-Dec-17,Tamil Nadu,71.75,2947,Increase,Same
04-Dec-17,Tamil Nadu,71.75,2917,Same,Decrease
05-Dec-17,Tamil Nadu,71.77,2918,Increase,Increase
06-Dec-17,Tamil Nadu,71.76,2907,Decrease,Decrease
07-Dec-17,Tamil Nadu,71.75,2889,Decrease,Decrease
08-Dec-17,Tamil Nadu,71.7,2864,Decrease,Decrease
09-Dec-17,Tamil Nadu,71.69,2874,Decrease,Increase
10-Dec-17,Tamil Nadu,71.66,2874,Decrease,Same
11-Dec-17,Tamil Nadu,71.63,2858,Decrease,Decrease
12-Dec-17,Tamil Nadu,71.6,2855,Decrease,Decrease
13-Dec-17,Tamil Nadu,71.58,2850,Decrease,Decrease
14-Dec-17,Tamil Nadu,71.58,2871,Same,Increase
15-Dec-17,Tamil Nadu,71.61,2864,Increase,Decrease
16-Dec-17,Tamil Nadu,71.64,2874,Increase,Increase
17-Dec-17,Tamil Nadu,71.66,2874,Increase,Same
18-Dec-17,Tamil Nadu,71.7,2869,Increase,Decrease
19-Dec-17,Tamil Nadu,71.79,2875,Increase,Increase
20-Dec-17,Tamil Nadu,71.87,2877,Increase,Increase
21-Dec-17,Tamil Nadu,71.95,2879,Increase,Increase
22-Dec-17,Tamil Nadu,72.03,2881,Increase,Increase
23-Dec-17,Tamil Nadu,72.12,2903,Increase,Increase
24-Dec-17,Tamil Nadu,72.09,2903,Decrease,Same
25-Dec-17,Tamil Nadu,72.19,2893,Increase,Decrease
26-Dec-17,Tamil Nadu,72.17,2903,Decrease,Increase
27-Dec-17,Tamil Nadu,72.26,2920,Increase,Increase
28-Dec-17,Tamil Nadu,72.36,2935,Increase,Increase
29-Dec-17,Tamil Nadu,72.45,2935,Increase,Same
30-Dec-17,Tamil Nadu,72.49,2961,Increase,Increase
31-Dec-17,Tamil Nadu,72.53,2961,Increase,Same
01-Jan-18,Tamil Nadu,72.53,2948,Same,Decrease
02-Jan-18,Tamil Nadu,72.53,2957,Same,Increase
03-Jan-18,Tamil Nadu,72.53,2960,Same,Increase
04-Jan-18,Tamil Nadu,72.53,2946,Same,Decrease
05-Jan-18,Tamil Nadu,72.55,2959,Increase,Increase
06-Jan-18,Tamil Nadu,72.69,2966,Increase,Increase
07-Jan-18,Tamil Nadu,78.4,2966,Increase,Same
08-Jan-18,Tamil Nadu,73.01,2955,Decrease,Decrease
09-Jan-18,Tamil Nadu,73.12,2962,Increase,Increase
10-Jan-18,Tamil Nadu,73.21,2967,Increase,Increase
11-Jan-18,Tamil Nadu,73.25,2975,Increase,Increase
12-Jan-18,Tamil Nadu,73.33,2992,Increase,Increase
13-Jan-18,Tamil Nadu,73.53,3012,Increase,Increase
14-Jan-18,Tamil Nadu,73.67,3012,Increase,Same
15-Jan-18,Tamil Nadu,73.8,3017,Increase,Increase
16-Jan-18,Tamil Nadu,73.89,3026,Increase,Increase
17-Jan-18,Tamil Nadu,74.02,3023,Increase,Decrease
18-Jan-18,Tamil Nadu,74.2,3004,Increase,Decrease
19-Jan-18,Tamil Nadu,74.35,3019,Increase,Increase
20-Jan-18,Tamil Nadu,74.55,3028,Increase,Increase
21-Jan-18,Tamil Nadu,74.75,3028,Increase,Same
22-Jan-18,Tamil Nadu,74.91,3022,Increase,Decrease
23-Jan-18,Tamil Nadu,75.06,3026,Increase,Increase
24-Jan-18,Tamil Nadu,75.12,3039,Increase,Increase
25-Jan-18,Tamil Nadu,75.18,3068,Increase,Increase
26-Jan-18,Tamil Nadu,75.33,3068,Increase,Same
27-Jan-18,Tamil Nadu,75.42,3068,Increase,Same
28-Jan-18,Tamil Nadu,75.47,3068,Increase,Same
29-Jan-18,Tamil Nadu,75.55,3040,Increase,Decrease
30-Jan-18,Tamil Nadu,75.63,3037,Increase,Decrease
31-Jan-18,Tamil Nadu,75.63,3045,Same,Increase
01-Feb-18,Tamil Nadu,75.77,3038,Increase,Decrease
02-Feb-18,Tamil Nadu,75.82,3064,Increase,Increase
03-Feb-18,Tamil Nadu,75.81,3050,Decrease,Decrease
04-Feb-18,Tamil Nadu,75.88,3050,Increase,Same
05-Feb-18,Tamil Nadu,76.04,3041,Increase,Decrease
06-Feb-18,Tamil Nadu,76.12,3057,Increase,Increase
07-Feb-18,Tamil Nadu,76.12,3033,Same,Decrease
08-Feb-18,Tamil Nadu,76.11,3001,Decrease,Decrease
09-Feb-18,Tamil Nadu,76.08,3010,Decrease,Increase
09-Feb-18,Tamil Nadu,81.92,3023,Increase,Increase
11-Feb-18,Tamil Nadu,75.95,3023,Decrease,Same
12-Feb-18,Tamil Nadu,75.73,3021,Decrease,Decrease
13-Feb-18,Tamil Nadu,75.65,3036,Decrease,Increase
14-Feb-18,Tamil Nadu,75.65,3033,Same,Decrease
15-Feb-18,Tamil Nadu,75.49,3071,Decrease,Increase
16-Feb-18,Tamil Nadu,75.21,3087,Decrease,Increase
17-Feb-18,Tamil Nadu,74.91,3096,Decrease,Increase
18-Feb-18,Tamil Nadu,74.74,3096,Decrease,Same
19-Feb-18,Tamil Nadu,74.58,3083,Decrease,Decrease
20-Feb-18,Tamil Nadu,74.38,3073,Decrease,Decrease
21-Feb-18,Tamil Nadu,74.37,3058,Decrease,Decrease
22-Feb-18,Tamil Nadu,74.35,3054,Decrease,Decrease
23-Feb-18,Tamil Nadu,74.25,3058,Decrease,Increase
24-Feb-18,Tamil Nadu,74.16,3067,Decrease,Increase
25-Feb-18,Tamil Nadu,74.14,3067,Decrease,Same
26-Feb-18,Tamil Nadu,74.17,3073,Increase,Increase
27-Feb-18,Tamil Nadu,74.15,3070,Decrease,Decrease
28-Feb-18,Tamil Nadu,74.15,3053,Same,Decrease
01-Mar-18,Tamil Nadu,74.21,3038,Increase,Decrease
02-Mar-18,Tamil Nadu,74.4,3049,Increase,Increase
03-Mar-18,Tamil Nadu,74.66,3068,Increase,Increase
04-Mar-18,Tamil Nadu,74.94,3068,Increase,Same
05-Mar-18,Tamil Nadu,75,3064,Increase,Decrease
06-Mar-18,Tamil Nadu,75.07,3054,Increase,Decrease
07-Mar-18,Tamil Nadu,75.07,3071,Same,Increase
08-Mar-18,Tamil Nadu,75.07,3061,Same,Decrease
09-Mar-18,Tamil Nadu,75.12,3050,Increase,Decrease
10-Mar-18,Tamil Nadu,75.15,3066,Increase,Increase
11-Mar-18,Tamil Nadu,75.17,3066,Increase,Same
12-Mar-18,Tamil Nadu,75.14,3046,Decrease,Decrease
13-Mar-18,Tamil Nadu,75.16,3042,Increase,Decrease
14-Mar-18,Tamil Nadu,75.16,3054,Same,Increase
15-Mar-18,Tamil Nadu,75.14,3046,Decrease,Decrease
16-Mar-18,Tamil Nadu,75.05,3041,Decrease,Decrease
17-Mar-18,Tamil Nadu,74.95,3041,Decrease,Same
18-Mar-18,Tamil Nadu,74.87,3041,Decrease,Same
19-Mar-18,Tamil Nadu,74.86,3030,Decrease,Decrease
20-Mar-18,Tamil Nadu,74.87,3043,Increase,Increase
21-Mar-18,Tamil Nadu,74.87,3044,Same,Increase
22-Mar-18,Tamil Nadu,74.94,3069,Increase,Increase
23-Mar-18,Tamil Nadu,74.98,3086,Increase,Increase
24-Mar-18,Tamil Nadu,75.06,3105,Increase,Increase
25-Mar-18,Tamil Nadu,75.24,3105,Increase,Same
26-Mar-18,Tamil Nadu,75.49,3094,Increase,Decrease
27-Mar-18,Tamil Nadu,75.61,3095,Increase,Increase
28-Mar-18,Tamil Nadu,75.61,3084,Same,Decrease
29-Mar-18,Tamil Nadu,75.8,3067,Increase,Decrease
30-Mar-18,Tamil Nadu,76.04,3066,Increase,Decrease
31-Mar-18,Tamil Nadu,76.29,3072,Increase,Increase
01-Apr-18,Tamil Nadu,76.48,3072,Increase,Same
02-Apr-18,Tamil Nadu,76.59,3071,Increase,Decrease
03-Apr-18,Tamil Nadu,76.72,3085,Increase,Increase
04-Apr-18,Tamil Nadu,76.72,3099,Same,Increase
05-Apr-18,Tamil Nadu,76.75,3065,Increase,Decrease
06-Apr-18,Tamil Nadu,76.75,3058,Same,Decrease
07-Apr-18,Tamil Nadu,76.77,3075,Increase,Increase
08-Apr-18,Tamil Nadu,76.8,3075,Increase,Same
09-Apr-18,Tamil Nadu,76.76,3070,Decrease,Decrease
10-Apr-18,Tamil Nadu,76.75,3080,Decrease,Increase
11-Apr-18,Tamil Nadu,76.75,3107,Same,Increase
12-Apr-18,Tamil Nadu,76.71,3120,Decrease,Increase
13-Apr-18,Tamil Nadu,76.67,3108,Decrease,Decrease
14-Apr-18,Tamil Nadu,76.69,3140,Increase,Increase
15-Apr-18,Tamil Nadu,76.75,3140,Increase,Same
16-Apr-18,Tamil Nadu,76.79,3124,Increase,Decrease
17-Apr-18,Tamil Nadu,76.79,3127,Same,Increase
18-Apr-18,Tamil Nadu,76.79,3142,Same,Increase
19-Apr-18,Tamil Nadu,76.84,3155,Increase,Increase
20-Apr-18,Tamil Nadu,76.85,3147,Increase,Decrease
21-Apr-18,Tamil Nadu,76.99,3151,Increase,Increase
22-Apr-18,Tamil Nadu,77.19,3151,Increase,Same
23-Apr-18,Tamil Nadu,77.29,3137,Increase,Decrease
24-Apr-18,Tamil Nadu,77.43,3131,Increase,Decrease
25-Apr-18,Tamil Nadu,77.43,3147,Same,Increase
26-Apr-18,Tamil Nadu,77.43,3140,Same,Decrease
27-Apr-18,Tamil Nadu,77.43,3129,Same,Decrease
28-Apr-18,Tamil Nadu,77.43,3140,Same,Increase
29-Apr-18,Tamil Nadu,77.43,3140,Same,Same
30-Apr-18,Tamil Nadu,77.43,3115,Same,Decrease
01-May-18,Tamil Nadu,77.43,3114,Same,Decrease
02-May-18,Tamil Nadu,77.43,3109,Same,Decrease
03-May-18,Tamil Nadu,77.43,3106,Same,Decrease
04-May-18,Tamil Nadu,77.43,3113,Same,Increase
05-May-18,Tamil Nadu,77.43,3134,Same,Increase
06-May-18,Tamil Nadu,77.43,3134,Same,Same
07-May-18,Tamil Nadu,77.43,3134,Same,Same
08-May-18,Tamil Nadu,77.43,3123,Same,Decrease
09-May-18,Tamil Nadu,77.43,3127,Same,Increase
10-May-18,Tamil Nadu,77.43,3139,Same,Increase
11-May-18,Tamil Nadu,77.43,3154,Same,Increase
12-May-18,Tamil Nadu,77.43,3166,Same,Increase
13-May-18,Tamil Nadu,77.43,3166,Same,Same
14-May-18,Tamil Nadu,77.61,3158,Increase,Decrease
15-May-18,Tamil Nadu,77.77,3150,Increase,Decrease
16-May-18,Tamil Nadu,77.93,3117,Increase,Decrease
17-May-18,Tamil Nadu,78.16,3100,Increase,Decrease
18-May-18,Tamil Nadu,78.46,3110,Increase,Increase
19-May-18,Tamil Nadu,78.78,3124,Increase,Increase
20-May-18,Tamil Nadu,79.13,3124,Increase,Same
21-May-18,Tamil Nadu,79.47,3105,Increase,Decrease
22-May-18,Tamil Nadu,79.79,3123,Increase,Increase
23-May-18,Tamil Nadu,80.11,3132,Increase,Increase
24-May-18,Tamil Nadu,80.42,3139,Increase,Increase
25-May-18,Tamil Nadu,80.8,3135,Increase,Decrease
26-May-18,Tamil Nadu,80.95,3133,Increase,Decrease
27-May-18,Tamil Nadu,81.11,3133,Increase,Same
28-May-18,Tamil Nadu,81.26,3104,Increase,Decrease
29-May-18,Tamil Nadu,81.43,3138,Increase,Increase
30-May-18,Tamil Nadu,81.42,3110,Decrease,Decrease
31-May-18,Tamil Nadu,81.35,3118,Decrease,Increase
01-Jun-18,Tamil Nadu,81.28,3098,Decrease,Decrease
02-Jun-18,Tamil Nadu,81.19,3089,Decrease,Decrease
03-Jun-18,Tamil Nadu,81.09,3089,Decrease,Same
04-Jun-18,Tamil Nadu,80.94,3084,Decrease,Decrease
05-Jun-18,Tamil Nadu,80.8,3086,Decrease,Increase
06-Jun-18,Tamil Nadu,80.68,3088,Decrease,Increase
07-Jun-18,Tamil Nadu,80.59,3089,Decrease,Increase
08-Jun-18,Tamil Nadu,80.37,3115,Decrease,Increase
09-Jun-18,Tamil Nadu,79.95,3118,Decrease,Increase
10-Jun-18,Tamil Nadu,79.69,3118,Decrease,Same
11-Jun-18,Tamil Nadu,79.48,3100,Decrease,Decrease
12-Jun-18,Tamil Nadu,79.33,3100,Decrease,Same
13-Jun-18,Tamil Nadu,79.33,3102,Same,Increase
14-Jun-18,Tamil Nadu,79.33,3119,Same,Increase
15-Jun-18,Tamil Nadu,79.24,3125,Decrease,Increase
16-Jun-18,Tamil Nadu,79.24,3095,Same,Decrease
17-Jun-18,Tamil Nadu,79.24,3095,Same,Same
18-Jun-18,Tamil Nadu,79.24,3092,Same,Decrease
19-Jun-18,Tamil Nadu,79.16,3096,Decrease,Increase
20-Jun-18,Tamil Nadu,79.16,3079,Same,Decrease
21-Jun-18,Tamil Nadu,79.04,3061,Decrease,Decrease
22-Jun-18,Tamil Nadu,78.89,3061,Decrease,Same
23-Jun-18,Tamil Nadu,78.8,3071,Decrease,Increase
24-Jun-18,Tamil Nadu,78.65,3071,Decrease,Same
25-Jun-18,Tamil Nadu,78.55,3076,Decrease,Increase
26-Jun-18,Tamil Nadu,78.4,3054,Decrease,Decrease
27-Jun-18,Tamil Nadu,78.4,3070,Same,Increase
28-Jun-18,Tamil Nadu,78.4,3067,Same,Decrease
29-Jun-18,Tamil Nadu,78.4,3051,Same,Decrease
30-Jun-18,Tamil Nadu,78.4,3059,Same,Increase
01-Jul-18,Tamil Nadu,78.4,3059,Same,Same
02-Jul-18,Tamil Nadu,78.4,3048,Same,Decrease
03-Jul-18,Tamil Nadu,78.4,3040,Same,Decrease
04-Jul-18,Tamil Nadu,78.4,3063,Same,Increase
05-Jul-18,Tamil Nadu,78.57,3066,Increase,Increase
06-Jul-18,Tamil Nadu,78.72,3071,Increase,Increase
07-Jul-18,Tamil Nadu,78.85,3070,Increase,Decrease
08-Jul-18,Tamil Nadu,79.01,3070,Increase,Same
09-Jul-18,Tamil Nadu,79.25,3073,Increase,Increase
10-Jul-18,Tamil Nadu,79.43,3061,Increase,Decrease
11-Jul-18,Tamil Nadu,79.43,3057,Same,Decrease
12-Jul-18,Tamil Nadu,79.49,3037,Increase,Decrease
13-Jul-18,Tamil Nadu,79.67,3024,Increase,Decrease
14-Jul-18,Tamil Nadu,79.87,3029,Increase,Increase
15-Jul-18,Tamil Nadu,79.87,3029,Same,Same
16-Jul-18,Tamil Nadu,79.76,3032,Decrease,Increase
17-Jul-18,Tamil Nadu,79.76,3021,Same,Decrease
18-Jul-18,Tamil Nadu,79.76,2987,Same,Decrease
19-Jul-18,Tamil Nadu,79.76,2993,Same,Increase
20-Jul-18,Tamil Nadu,79.59,2997,Decrease,Increase
21-Jul-18,Tamil Nadu,79.43,3018,Decrease,Increase
22-Jul-18,Tamil Nadu,79.35,3018,Decrease,Same
23-Jul-18,Tamil Nadu,79.25,3009,Decrease,Decrease
24-Jul-18,Tamil Nadu,79.18,3006,Decrease,Decrease
25-Jul-18,Tamil Nadu,79.18,3006,Same,Same
26-Jul-18,Tamil Nadu,79.18,3006,Same,Same
27-Jul-18,Tamil Nadu,79.18,2988,Same,Decrease
28-Jul-18,Tamil Nadu,79.11,3003,Decrease,Increase
29-Jul-18,Tamil Nadu,79.11,3003,Same,Same
30-Jul-18,Tamil Nadu,79.21,2989,Increase,Decrease
31-Jul-18,Tamil Nadu,79.26,2983,Increase,Decrease
01-Aug-18,Tamil Nadu,79.26,2985,Same,Increase
02-Aug-18,Tamil Nadu,79.39,2974,Increase,Decrease
03-Aug-18,Tamil Nadu,79.47,2959,Increase,Decrease
04-Aug-18,Tamil Nadu,79.68,2973,Increase,Increase
05-Aug-18,Tamil Nadu,79.83,2973,Increase,Same
06-Aug-18,Tamil Nadu,79.96,2966,Increase,Decrease
07-Aug-18,Tamil Nadu,80.11,2969,Increase,Increase
08-Aug-18,Tamil Nadu,80.06,2963,Decrease,Decrease
09-Aug-18,Tamil Nadu,80.05,2962,Decrease,Decrease
10-Aug-18,Tamil Nadu,80.13,2964,Increase,Increase
11-Aug-18,Tamil Nadu,80.23,2984,Increase,Increase
12-Aug-18,Tamil Nadu,80.23,2984,Same,Same
13-Aug-18,Tamil Nadu,80.14,2986,Decrease,Increase
14-Aug-18,Tamil Nadu,80.14,2968,Same,Decrease
15-Aug-18,Tamil Nadu,80.14,2977,Same,Increase
16-Aug-18,Tamil Nadu,80.14,2957,Same,Decrease
17-Aug-18,Tamil Nadu,80.19,2944,Increase,Decrease
18-Aug-18,Tamil Nadu,80.2,2961,Increase,Increase
19-Aug-18,Tamil Nadu,80.4,2961,Increase,Same
20-Aug-18,Tamil Nadu,80.5,2952,Increase,Decrease
21-Aug-18,Tamil Nadu,80.59,2965,Increase,Increase
22-Aug-18,Tamil Nadu,80.59,2974,Same,Increase
23-Aug-18,Tamil Nadu,80.59,2968,Same,Decrease
24-Aug-18,Tamil Nadu,80.69,2975,Increase,Increase
25-Aug-18,Tamil Nadu,80.7,3004,Increase,Increase
26-Aug-18,Tamil Nadu,80.8,3004,Increase,Same
27-Aug-18,Tamil Nadu,80.94,2999,Increase,Decrease
28-Aug-18,Tamil Nadu,81.09,3026,Increase,Increase
29-Aug-18,Tamil Nadu,81.22,3015,Increase,Decrease
30-Aug-18,Tamil Nadu,81.35,3024,Increase,Increase
31-Aug-18,Tamil Nadu,81.58,3039,Increase,Increase
01-Sep-18,Tamil Nadu,81.77,3029,Increase,Decrease
02-Sep-18,Tamil Nadu,81.92,3029,Increase,Same
03-Sep-18,Tamil Nadu,82.24,3027,Increase,Decrease
04-Sep-18,Tamil Nadu,82.41,3034,Increase,Increase
05-Sep-18,Tamil Nadu,82.41,3044,Same,Increase
06-Sep-18,Tamil Nadu,82.62,3067,Increase,Increase
07-Sep-18,Tamil Nadu,83.13,3056,Increase,Decrease
08-Sep-18,Tamil Nadu,83.54,3065,Increase,Increase
09-Sep-18,Tamil Nadu,83.66,3065,Increase,Same
10-Sep-18,Tamil Nadu,83.91,3063,Increase,Decrease
11-Sep-18,Tamil Nadu,84.05,3072,Increase,Increase
12-Sep-18,Tamil Nadu,84.05,3061,Same,Decrease
13-Sep-18,Tamil Nadu,84.19,3068,Increase,Increase
14-Sep-18,Tamil Nadu,84.49,3067,Increase,Decrease
15-Sep-18,Tamil Nadu,84.85,3066,Increase,Decrease
16-Sep-18,Tamil Nadu,85.15,3066,Increase,Same
17-Sep-18,Tamil Nadu,85.31,3082,Increase,Increase
18-Sep-18,Tamil Nadu,85.41,3083,Increase,Increase
19-Sep-18,Tamil Nadu,85.41,3097,Same,Increase
20-Sep-18,Tamil Nadu,85.48,3076,Increase,Decrease
21-Sep-18,Tamil Nadu,85.58,3092,Increase,Increase
22-Sep-18,Tamil Nadu,85.69,3077,Increase,Decrease
23-Sep-18,Tamil Nadu,85.87,3077,Increase,Same
24-Sep-18,Tamil Nadu,85.99,3083,Increase,Increase
25-Sep-18,Tamil Nadu,86.13,3090,Increase,Increase
26-Sep-18,Tamil Nadu,86.13,3085,Same,Decrease
27-Sep-18,Tamil Nadu,86.28,3075,Increase,Decrease
28-Sep-18,Tamil Nadu,86.51,3049,Increase,Decrease
29-Sep-18,Tamil Nadu,86.7,3074,Increase,Increase
30-Sep-18,Tamil Nadu,86.8,3074,Increase,Same
01-Oct-18,Tamil Nadu,87.05,3061,Increase,Decrease
02-Oct-18,Tamil Nadu,87.18,3084,Increase,Increase
03-Oct-18,Tamil Nadu,87.18,3118,Same,Increase
04-Oct-18,Tamil Nadu,87.33,3123,Increase,Increase
05-Oct-18,Tamil Nadu,84.7,3137,Decrease,Increase
06-Oct-18,Tamil Nadu,84.89,3158,Increase,Increase
07-Oct-18,Tamil Nadu,85.04,3158,Increase,Same
08-Oct-18,Tamil Nadu,85.26,3131,Increase,Decrease
09-Oct-18,Tamil Nadu,85.5,3121,Increase,Decrease
10-Oct-18,Tamil Nadu,85.5,3116,Same,Decrease
11-Oct-18,Tamil Nadu,85.61,3141,Increase,Increase
12-Oct-18,Tamil Nadu,85.73,3177,Increase,Increase
13-Oct-18,Tamil Nadu,85.92,3176,Increase,Decrease
14-Oct-18,Tamil Nadu,85.99,3176,Increase,Same
15-Oct-18,Tamil Nadu,85.99,3211,Same,Increase
16-Oct-18,Tamil Nadu,85.99,3196,Same,Decrease
17-Oct-18,Tamil Nadu,86.1,3186,Increase,Decrease
18-Oct-18,Tamil Nadu,85.88,3185,Decrease,Decrease
19-Oct-18,Tamil Nadu,85.88,3194,Same,Increase
20-Oct-18,Tamil Nadu,85.22,3189,Decrease,Decrease
21-Oct-18,Tamil Nadu,84.96,3189,Decrease,Same
22-Oct-18,Tamil Nadu,84.64,3172,Decrease,Decrease
23-Oct-18,Tamil Nadu,84.53,3210,Decrease,Increase
24-Oct-18,Tamil Nadu,84.44,3183,Decrease,Decrease
25-Oct-18,Tamil Nadu,84.28,3187,Decrease,Increase
26-Oct-18,Tamil Nadu,84.02,3204,Decrease,Increase
27-Oct-18,Tamil Nadu,83.6,3197,Decrease,Decrease
28-Oct-18,Tamil Nadu,83.18,3197,Decrease,Same
29-Oct-18,Tamil Nadu,82.86,3190,Decrease,Decrease
30-Oct-18,Tamil Nadu,82.65,3186,Decrease,Decrease
31-Oct-18,Tamil Nadu,82.65,3180,Same,Decrease
01-Nov-18,Tamil Nadu,82.46,3186,Decrease,Increase
02-Nov-18,Tamil Nadu,82.26,3178,Decrease,Decrease
03-Nov-18,Tamil Nadu,82.06,3191,Decrease,Increase
04-Nov-18,Tamil Nadu,81.84,3191,Decrease,Same
05-Nov-18,Tamil Nadu,81.61,3187,Decrease,Decrease
06-Nov-18,Tamil Nadu,81.47,3197,Decrease,Increase
07-Nov-18,Tamil Nadu,81.46,3176,Decrease,Decrease
08-Nov-18,Tamil Nadu,81.24,3156,Decrease,Decrease
09-Nov-18,Tamil Nadu,81.08,3156,Decrease,Same
10-Nov-18,Tamil Nadu,80.9,3138,Decrease,Decrease
11-Nov-18,Tamil Nadu,80.73,3138,Decrease,Same
12-Nov-18,Tamil Nadu,80.73,3139,Same,Increase
13-Nov-18,Tamil Nadu,80.42,3117,Decrease,Decrease
14-Nov-18,Tamil Nadu,80.42,3096,Same,Decrease
15-Nov-18,Tamil Nadu,80.26,3119,Decrease,Increase
16-Nov-18,Tamil Nadu,80.07,3106,Decrease,Decrease
17-Nov-18,Tamil Nadu,79.87,3124,Decrease,Increase
18-Nov-18,Tamil Nadu,79.87,3124,Same,Same
19-Nov-18,Tamil Nadu,79.46,3102,Decrease,Decrease
20-Nov-18,Tamil Nadu,79.31,3105,Decrease,Increase
21-Nov-18,Tamil Nadu,79.31,3107,Same,Increase
22-Nov-18,Tamil Nadu,79.31,3100,Same,Decrease
23-Nov-18,Tamil Nadu,78.88,3080,Decrease,Decrease
24-Nov-18,Tamil Nadu,78.12,3079,Decrease,Decrease
25-Nov-18,Tamil Nadu,78.12,3079,Same,Same
26-Nov-18,Tamil Nadu,77.32,3077,Decrease,Decrease
27-Nov-18,Tamil Nadu,76.88,3076,Decrease,Decrease
28-Nov-18,Tamil Nadu,76.35,3055,Decrease,Decrease
29-Nov-18,Tamil Nadu,76.01,3054,Decrease,Decrease
30-Nov-18,Tamil Nadu,75.62,3047,Decrease,Decrease
01-Dec-18,Tamil Nadu,75.26,3050,Decrease,Increase
02-Dec-18,Tamil Nadu,74.94,3050,Decrease,Same
03-Dec-18,Tamil Nadu,74.63,3075,Decrease,Increase
04-Dec-18,Tamil Nadu,74.41,3098,Decrease,Increase
05-Dec-18,Tamil Nadu,74.41,3095,Same,Decrease
06-Dec-18,Tamil Nadu,73.99,3116,Decrease,Increase
07-Dec-18,Tamil Nadu,73.57,3111,Decrease,Decrease
08-Dec-18,Tamil Nadu,73.33,3156,Decrease,Increase
09-Dec-18,Tamil Nadu,73.18,3156,Decrease,Same
10-Dec-18,Tamil Nadu,72.92,3150,Decrease,Decrease
11-Dec-18,Tamil Nadu,72.82,3170,Decrease,Increase
12-Dec-18,Tamil Nadu,72.82,3170,Same,Same
13-Dec-18,Tamil Nadu,72.94,3158,Increase,Decrease
14-Dec-18,Tamil Nadu,72.94,3150,Same,Decrease
15-Dec-18,Tamil Nadu,72.99,3156,Increase,Increase
16-Dec-18,Tamil Nadu,72.99,3156,Same,Same
17-Dec-18,Tamil Nadu,73.19,3139,Increase,Decrease
18-Dec-18,Tamil Nadu,73.29,3132,Increase,Decrease
19-Dec-18,Tamil Nadu,73.29,3114,Same,Decrease
20-Dec-18,Tamil Nadu,73.29,3108,Same,Decrease
21-Dec-18,Tamil Nadu,73.29,3133,Same,Increase
22-Dec-18,Tamil Nadu,72.91,3125,Decrease,Decrease
23-Dec-18,Tamil Nadu,72.7,3125,Decrease,Same
24-Dec-18,Tamil Nadu,72.48,3133,Decrease,Increase
25-Dec-18,Tamil Nadu,72.41,3151,Decrease,Increase
26-Dec-18,Tamil Nadu,72.41,3153,Same,Increase
27-Dec-18,Tamil Nadu,72.36,3163,Decrease,Increase
28-Dec-18,Tamil Nadu,72.16,3162,Decrease,Decrease
29-Dec-18,Tamil Nadu,71.85,3168,Decrease,Increase
30-Dec-18,Tamil Nadu,71.62,3168,Decrease,Same
31-Dec-18,Tamil Nadu,71.41,3163,Decrease,Decrease
01-Jan-19,Tamil Nadu,71.22,3167,Decrease,Increase
02-Jan-19,Tamil Nadu,71.22,3185,Same,Increase
03-Jan-19,Tamil Nadu,71.22,3198,Same,Increase
04-Jan-19,Tamil Nadu,71.01,3183,Decrease,Decrease
05-Jan-19,Tamil Nadu,70.85,3170,Decrease,Decrease
06-Jan-19,Tamil Nadu,70.85,3170,Same,Same
07-Jan-19,Tamil Nadu,71.07,3190,Increase,Increase
08-Jan-19,Tamil Nadu,71.07,3183,Same,Decrease
09-Jan-19,Tamil Nadu,71.07,3197,Same,Increase
10-Jan-19,Tamil Nadu,71.47,3223,Increase,Increase
11-Jan-19,Tamil Nadu,71.67,3219,Increase,Decrease
12-Jan-19,Tamil Nadu,71.87,3223,Increase,Increase
13-Jan-19,Tamil Nadu,72.4,3223,Increase,Same
14-Jan-19,Tamil Nadu,72.79,3235,Increase,Increase
15-Jan-19,Tamil Nadu,73.08,3238,Increase,Increase
16-Jan-19,Tamil Nadu,73,3249,Decrease,Increase
17-Jan-19,Tamil Nadu,73.15,3258,Increase,Increase
18-Jan-19,Tamil Nadu,73.23,3240,Increase,Decrease
19-Jan-19,Tamil Nadu,73.23,3238,Same,Decrease
20-Jan-19,Tamil Nadu,73.65,3238,Increase,Same
21-Jan-19,Tamil Nadu,73.85,3227,Increase,Decrease
22-Jan-19,Tamil Nadu,73.99,3243,Increase,Increase
23-Jan-19,Tamil Nadu,73.99,3244,Same,Increase
24-Jan-19,Tamil Nadu,73.99,3236,Same,Decrease
25-Jan-19,Tamil Nadu,73.99,3239,Same,Increase
26-Jan-19,Tamil Nadu,73.99,3268,Same,Increase
27-Jan-19,Tamil Nadu,73.99,3268,Same,Same
28-Jan-19,Tamil Nadu,73.99,3274,Same,Increase
29-Jan-19,Tamil Nadu,73.9,3292,Decrease,Increase
30-Jan-19,Tamil Nadu,73.9,3308,Same,Increase
31-Jan-19,Tamil Nadu,73.8,3320,Decrease,Increase
01-Feb-19,Tamil Nadu,73.64,3333,Decrease,Increase
02-Feb-19,Tamil Nadu,73.54,3341,Decrease,Increase
03-Feb-19,Tamil Nadu,73.43,3341,Decrease,Same
04-Feb-19,Tamil Nadu,73.27,3328,Decrease,Decrease
05-Feb-19,Tamil Nadu,73.11,3328,Decrease,Same
06-Feb-19,Tamil Nadu,73.11,3329,Same,Increase
07-Feb-19,Tamil Nadu,73.11,3303,Same,Decrease
08-Feb-19,Tamil Nadu,73.11,3297,Same,Decrease
09-Feb-19,Tamil Nadu,72.95,3320,Decrease,Increase
10-Feb-19,Tamil Nadu,72.95,3320,Same,Same
11-Feb-19,Tamil Nadu,73,3297,Increase,Decrease
12-Feb-19,Tamil Nadu,73,3292,Same,Decrease
13-Feb-19,Tamil Nadu,73,3288,Same,Decrease
14-Feb-19,Tamil Nadu,73.06,3292,Increase,Increase
15-Feb-19,Tamil Nadu,73.14,3320,Increase,Increase
16-Feb-19,Tamil Nadu,73.28,3337,Increase,Increase
17-Feb-19,Tamil Nadu,73.45,3337,Increase,Same
18-Feb-19,Tamil Nadu,73.61,3343,Increase,Increase
19-Feb-19,Tamil Nadu,73.61,3358,Same,Increase
20-Feb-19,Tamil Nadu,73.72,3373,Increase,Increase
21-Feb-19,Tamil Nadu,73.87,3353,Increase,Decrease
22-Feb-19,Tamil Nadu,73.87,3336,Same,Decrease
23-Feb-19,Tamil Nadu,74.02,3347,Increase,Increase
24-Feb-19,Tamil Nadu,74.16,3347,Increase,Same
25-Feb-19,Tamil Nadu,74.32,3334,Increase,Decrease
26-Feb-19,Tamil Nadu,74.41,3329,Increase,Decrease
27-Feb-19,Tamil Nadu,74.41,3340,Same,Increase
28-Feb-19,Tamil Nadu,74.48,3330,Increase,Decrease
01-Mar-19,Tamil Nadu,74.57,3284,Increase,Decrease
02-Mar-19,Tamil Nadu,74.71,3269,Increase,Decrease
03-Mar-19,Tamil Nadu,74.84,3269,Increase,Same
04-Mar-19,Tamil Nadu,74.95,3255,Increase,Decrease
05-Mar-19,Tamil Nadu,75.02,3225,Increase,Decrease
06-Mar-19,Tamil Nadu,75.02,3227,Same,Increase
07-Mar-19,Tamil Nadu,75.02,3206,Same,Decrease
08-Mar-19,Tamil Nadu,75.02,3219,Same,Increase
09-Mar-19,Tamil Nadu,75.02,3239,Same,Increase
10-Mar-19,Tamil Nadu,75.2,3239,Increase,Same
11-Mar-19,Tamil Nadu,75.19,3225,Decrease,Decrease
12-Mar-19,Tamil Nadu,75.2,3208,Increase,Decrease
13-Mar-19,Tamil Nadu,75.2,3235,Same,Increase
14-Mar-19,Tamil Nadu,75.27,3220,Increase,Decrease
15-Mar-19,Tamil Nadu,75.35,3204,Increase,Decrease
16-Mar-19,Tamil Nadu,75.43,3207,Increase,Increase
17-Mar-19,Tamil Nadu,75.52,3207,Increase,Same
18-Mar-19,Tamil Nadu,75.59,3184,Increase,Decrease
19-Mar-19,Tamil Nadu,75.59,3198,Same,Increase
20-Mar-19,Tamil Nadu,75.59,3187,Same,Decrease
21-Mar-19,Tamil Nadu,75.52,3210,Decrease,Increase
22-Mar-19,Tamil Nadu,75.57,3209,Increase,Decrease
23-Mar-19,Tamil Nadu,75.62,3230,Increase,Increase
24-Mar-19,Tamil Nadu,75.67,3230,Increase,Same
25-Mar-19,Tamil Nadu,75.67,3215,Same,Decrease
26-Mar-19,Tamil Nadu,75.67,3212,Same,Decrease
27-Mar-19,Tamil Nadu,75.67,3212,Same,Same
28-Mar-19,Tamil Nadu,75.62,3197,Decrease,Decrease
29-Mar-19,Tamil Nadu,75.62,3172,Same,Decrease
30-Mar-19,Tamil Nadu,75.67,3195,Increase,Increase
31-Mar-19,Tamil Nadu,75.67,3195,Same,Same
01-Apr-19,Tamil Nadu,75.62,3181,Decrease,Decrease
02-Apr-19,Tamil Nadu,75.62,3161,Same,Decrease
03-Apr-19,Tamil Nadu,75.62,3149,Same,Decrease
04-Apr-19,Tamil Nadu,75.62,3167,Same,Increase
05-Apr-19,Tamil Nadu,75.62,3175,Same,Increase
06-Apr-19,Tamil Nadu,75.67,3180,Increase,Increase
07-Apr-19,Tamil Nadu,75.62,3180,Decrease,Same
08-Apr-19,Tamil Nadu,75.61,3200,Decrease,Increase
09-Apr-19,Tamil Nadu,75.56,3203,Decrease,Increase
10-Apr-19,Tamil Nadu,75.56,3199,Same,Decrease
11-Apr-19,Tamil Nadu,75.56,3190,Same,Decrease
12-Apr-19,Tamil Nadu,75.62,3176,Increase,Decrease
13-Apr-19,Tamil Nadu,75.62,3179,Same,Increase
14-Apr-19,Tamil Nadu,75.62,3179,Same,Same
15-Apr-19,Tamil Nadu,75.75,3164,Increase,Decrease
16-Apr-19,Tamil Nadu,75.69,3179,Decrease,Increase
17-Apr-19,Tamil Nadu,75.69,3168,Same,Decrease
18-Apr-19,Tamil Nadu,75.69,3168,Same,Same
19-Apr-19,Tamil Nadu,75.77,3163,Increase,Decrease
20-Apr-19,Tamil Nadu,75.77,3166,Same,Increase
21-Apr-19,Tamil Nadu,75.71,3166,Decrease,Same
22-Apr-19,Tamil Nadu,75.71,3172,Same,Increase
23-Apr-19,Tamil Nadu,75.71,3168,Same,Decrease
24-Apr-19,Tamil Nadu,75.71,3171,Same,Increase
25-Apr-19,Tamil Nadu,75.79,3193,Increase,Increase
26-Apr-19,Tamil Nadu,75.79,3195,Same,Increase
27-Apr-19,Tamil Nadu,75.85,3206,Increase,Increase
28-Apr-19,Tamil Nadu,75.85,3206,Same,Same
29-Apr-19,Tamil Nadu,75.85,3199,Same,Decrease
30-Apr-19,Tamil Nadu,75.9,3192,Increase,Decrease
01-May-19,Tamil Nadu,75.9,3189,Same,Decrease
02-May-19,Tamil Nadu,75.84,3153,Decrease,Decrease
03-May-19,Tamil Nadu,75.84,3143,Same,Decrease
04-May-19,Tamil Nadu,75.84,3163,Same,Increase
05-May-19,Tamil Nadu,75.92,3163,Increase,Same
06-May-19,Tamil Nadu,75.79,3168,Decrease,Increase
07-May-19,Tamil Nadu,75.79,3173,Same,Increase
08-May-19,Tamil Nadu,75.79,3181,Same,Increase
09-May-19,Tamil Nadu,75.63,3191,Decrease,Increase
10-May-19,Tamil Nadu,75.4,3189,Decrease,Decrease
11-May-19,Tamil Nadu,74.9,3203,Decrease,Increase
12-May-19,Tamil Nadu,74.46,3203,Decrease,Same
13-May-19,Tamil Nadu,74.14,3205,Decrease,Increase
14-May-19,Tamil Nadu,73.88,3236,Decrease,Increase
15-May-19,Tamil Nadu,73.88,3230,Same,Decrease
16-May-19,Tamil Nadu,73.88,3217,Same,Decrease
17-May-19,Tamil Nadu,73.79,3205,Decrease,Decrease
18-May-19,Tamil Nadu,73.72,3197,Decrease,Decrease
19-May-19,Tamil Nadu,73.72,3197,Same,Same
20-May-19,Tamil Nadu,73.82,3163,Increase,Decrease
21-May-19,Tamil Nadu,73.87,3167,Increase,Increase
22-May-19,Tamil Nadu,73.87,3162,Same,Decrease
23-May-19,Tamil Nadu,73.95,3176,Increase,Increase
24-May-19,Tamil Nadu,74.1,3180,Increase,Increase
25-May-19,Tamil Nadu,74.26,3181,Increase,Increase
26-May-19,Tamil Nadu,74.4,3181,Increase,Same
27-May-19,Tamil Nadu,74.51,3187,Increase,Increase
28-May-19,Tamil Nadu,74.59,3185,Increase,Decrease
29-May-19,Tamil Nadu,74.59,3197,Same,Increase
30-May-19,Tamil Nadu,74.54,3181,Decrease,Decrease
31-May-19,Tamil Nadu,74.47,3212,Decrease,Increase
01-Jun-19,Tamil Nadu,74.4,3229,Decrease,Increase
02-Jun-19,Tamil Nadu,74.28,3229,Decrease,Same
03-Jun-19,Tamil Nadu,74.09,3226,Decrease,Decrease
04-Jun-19,Tamil Nadu,74.02,3250,Decrease,Increase
05-Jun-19,Tamil Nadu,74.02,3271,Same,Increase
06-Jun-19,Tamil Nadu,73.85,3278,Decrease,Increase
07-Jun-19,Tamil Nadu,73.71,3279,Decrease,Increase
08-Jun-19,Tamil Nadu,73.48,3298,Decrease,Increase
09-Jun-19,Tamil Nadu,73.31,3298,Decrease,Same
10-Jun-19,Tamil Nadu,73.18,3267,Decrease,Decrease
11-Jun-19,Tamil Nadu,73.18,3253,Same,Decrease
12-Jun-19,Tamil Nadu,73.18,3275,Same,Increase
13-Jun-19,Tamil Nadu,73.09,3278,Decrease,Increase
14-Jun-19,Tamil Nadu,72.91,3317,Decrease,Increase
15-Jun-19,Tamil Nadu,72.71,3304,Decrease,Decrease
16-Jun-19,Tamil Nadu,72.64,3304,Decrease,Same
17-Jun-19,Tamil Nadu,72.64,3288,Same,Decrease
18-Jun-19,Tamil Nadu,72.64,3301,Same,Increase
19-Jun-19,Tamil Nadu,72.64,3303,Same,Increase
20-Jun-19,Tamil Nadu,72.64,3369,Same,Increase
21-Jun-19,Tamil Nadu,72.64,3393,Same,Increase
22-Jun-19,Tamil Nadu,72.64,3415,Same,Increase
23-Jun-19,Tamil Nadu,72.64,3415,Same,Same
24-Jun-19,Tamil Nadu,72.77,3421,Increase,Increase
25-Jun-19,Tamil Nadu,72.77,3461,Same,Increase
26-Jun-19,Tamil Nadu,72.77,3405,Same,Decrease
27-Jun-19,Tamil Nadu,72.77,3397,Same,Decrease
28-Jun-19,Tamil Nadu,72.89,3412,Increase,Increase
29-Jun-19,Tamil Nadu,72.89,3410,Same,Decrease
30-Jun-19,Tamil Nadu,73.1,3410,Increase,Same
01-Jul-19,Tamil Nadu,73.15,3374,Increase,Decrease
02-Jul-19,Tamil Nadu,73.19,3374,Increase,Same
03-Jul-19,Tamil Nadu,73.19,3433,Same,Increase
04-Jul-19,Tamil Nadu,73.19,3412,Same,Decrease
05-Jul-19,Tamil Nadu,73.19,3476,Same,Increase
06-Jul-19,Tamil Nadu,75.76,3438,Increase,Decrease
07-Jul-19,Tamil Nadu,75.76,3438,Same,Same
08-Jul-19,Tamil Nadu,75.76,3460,Same,Increase
09-Jul-19,Tamil Nadu,75.7,3421,Decrease,Decrease
10-Jul-19,Tamil Nadu,75.7,3427,Same,Increase
11-Jul-19,Tamil Nadu,75.7,3487,Same,Increase
12-Jul-19,Tamil Nadu,75.7,3453,Same,Decrease
13-Jul-19,Tamil Nadu,75.8,3473,Increase,Increase
14-Jul-19,Tamil Nadu,75.89,3473,Increase,Same
15-Jul-19,Tamil Nadu,76.03,3469,Increase,Decrease
16-Jul-19,Tamil Nadu,76.09,3469,Increase,Same
17-Jul-19,Tamil Nadu,76.09,3451,Same,Decrease
18-Jul-19,Tamil Nadu,76.18,3489,Increase,Increase
19-Jul-19,Tamil Nadu,76.18,3520,Same,Increase
20-Jul-19,Tamil Nadu,76.18,3502,Same,Decrease
21-Jul-19,Tamil Nadu,76.18,3502,Same,Same
22-Jul-19,Tamil Nadu,76.18,3505,Same,Increase
23-Jul-19,Tamil Nadu,76.24,3489,Increase,Decrease
24-Jul-19,Tamil Nadu,76.24,3497,Same,Increase
25-Jul-19,Tamil Nadu,76.18,3502,Decrease,Increase
26-Jul-19,Tamil Nadu,76.11,3487,Decrease,Decrease
27-Jul-19,Tamil Nadu,76.06,3488,Decrease,Increase
28-Jul-19,Tamil Nadu,75.96,3488,Decrease,Same
29-Jul-19,Tamil Nadu,75.8,3481,Decrease,Decrease
30-Jul-19,Tamil Nadu,75.66,3490,Decrease,Increase
31-Jul-19,Tamil Nadu,75.66,3493,Same,Increase
01-Aug-19,Tamil Nadu,75.6,3467,Decrease,Decrease
02-Aug-19,Tamil Nadu,75.52,3540,Decrease,Increase
03-Aug-19,Tamil Nadu,75.44,3573,Decrease,Increase
04-Aug-19,Tamil Nadu,75.34,3573,Decrease,Same
05-Aug-19,Tamil Nadu,75.18,3617,Decrease,Increase
06-Aug-19,Tamil Nadu,75.08,3630,Decrease,Increase
07-Aug-19,Tamil Nadu,75.08,3704,Same,Increase
08-Aug-19,Tamil Nadu,75.03,3715,Decrease,Increase
09-Aug-19,Tamil Nadu,74.87,3726,Decrease,Increase
10-Aug-19,Tamil Nadu,74.87,3739,Same,Increase
11-Aug-19,Tamil Nadu,74.78,3739,Decrease,Same
12-Aug-19,Tamil Nadu,74.78,3760,Same,Increase
13-Aug-19,Tamil Nadu,74.78,3784,Same,Increase
14-Aug-19,Tamil Nadu,74.78,3735,Same,Decrease
15-Aug-19,Tamil Nadu,74.78,3775,Same,Increase
16-Aug-19,Tamil Nadu,74.78,3740,Same,Decrease
17-Aug-19,Tamil Nadu,74.78,3764,Same,Increase
18-Aug-19,Tamil Nadu,74.69,3764,Decrease,Same
19-Aug-19,Tamil Nadu,74.62,3741,Decrease,Decrease
20-Aug-19,Tamil Nadu,74.62,3761,Same,Increase
21-Aug-19,Tamil Nadu,74.62,3751,Same,Decrease
22-Aug-19,Tamil Nadu,74.62,3765,Same,Increase
23-Aug-19,Tamil Nadu,74.62,3757,Same,Decrease
24-Aug-19,Tamil Nadu,74.7,3837,Increase,Increase
25-Aug-19,Tamil Nadu,74.78,3837,Increase,Same
26-Aug-19,Tamil Nadu,74.86,3842,Increase,Increase
27-Aug-19,Tamil Nadu,74.87,3837,Increase,Decrease
28-Aug-19,Tamil Nadu,74.87,3870,Same,Increase
29-Aug-19,Tamil Nadu,74.8,3869,Decrease,Decrease
30-Aug-19,Tamil Nadu,74.8,3839,Same,Decrease
31-Aug-19,Tamil Nadu,74.8,3848,Same,Increase
01-Sep-19,Tamil Nadu,74.8,3848,Same,Same
02-Sep-19,Tamil Nadu,74.8,3859,Same,Increase
03-Sep-19,Tamil Nadu,74.8,3886,Same,Increase
04-Sep-19,Tamil Nadu,74.8,3898,Same,Increase
05-Sep-19,Tamil Nadu,74.75,3898,Decrease,Same
06-Sep-19,Tamil Nadu,74.66,3815,Decrease,Decrease
07-Sep-19,Tamil Nadu,74.57,3828,Decrease,Increase
08-Sep-19,Tamil Nadu,74.51,3828,Decrease,Same
09-Sep-19,Tamil Nadu,74.51,3816,Same,Decrease
10-Sep-19,Tamil Nadu,74.56,3806,Increase,Decrease
11-Sep-19,Tamil Nadu,74.56,3791,Same,Decrease
12-Sep-19,Tamil Nadu,74.63,3771,Increase,Decrease
13-Sep-19,Tamil Nadu,74.7,3769,Increase,Decrease
14-Sep-19,Tamil Nadu,74.78,3741,Increase,Decrease
15-Sep-19,Tamil Nadu,74.85,3741,Increase,Same
16-Sep-19,Tamil Nadu,74.85,3777,Same,Increase
17-Sep-19,Tamil Nadu,74.99,3772,Increase,Decrease
18-Sep-19,Tamil Nadu,75.26,3757,Increase,Decrease
19-Sep-19,Tamil Nadu,75.56,3737,Increase,Decrease
20-Sep-19,Tamil Nadu,75.93,3743,Increase,Increase
21-Sep-19,Tamil Nadu,76.24,3770,Increase,Increase
22-Sep-19,Tamil Nadu,76.52,3770,Increase,Same
23-Sep-19,Tamil Nadu,76.83,3769,Increase,Decrease
24-Sep-19,Tamil Nadu,77.06,3771,Increase,Increase
25-Sep-19,Tamil Nadu,77.06,3799,Same,Increase
26-Sep-19,Tamil Nadu,77.12,3753,Increase,Decrease
27-Sep-19,Tamil Nadu,77.28,3756,Increase,Increase
28-Sep-19,Tamil Nadu,77.28,3775,Same,Increase
29-Sep-19,Tamil Nadu,77.28,3775,Same,Same
30-Sep-19,Tamil Nadu,77.36,3745,Increase,Decrease
01-Oct-19,Tamil Nadu,77.5,3713,Increase,Decrease
02-Oct-19,Tamil Nadu,77.5,3763,Same,Increase
03-Oct-19,Tamil Nadu,77.4,3787,Decrease,Increase
04-Oct-19,Tamil Nadu,77.21,3801,Decrease,Increase
05-Oct-19,Tamil Nadu,76.9,3805,Decrease,Increase
06-Oct-19,Tamil Nadu,76.76,3805,Decrease,Same
07-Oct-19,Tamil Nadu,76.62,3809,Decrease,Increase
08-Oct-19,Tamil Nadu,76.43,3805,Decrease,Decrease
09-Oct-19,Tamil Nadu,76.43,3815,Same,Increase
10-Oct-19,Tamil Nadu,76.38,3827,Decrease,Increase
11-Oct-19,Tamil Nadu,76.25,3810,Decrease,Decrease
12-Oct-19,Tamil Nadu,76.14,3809,Decrease,Decrease
13-Oct-19,Tamil Nadu,76.14,3809,Same,Same
14-Oct-19,Tamil Nadu,76.14,3825,Same,Increase
15-Oct-19,Tamil Nadu,76.09,3843,Decrease,Increase
16-Oct-19,Tamil Nadu,76.09,3826,Same,Decrease
17-Oct-19,Tamil Nadu,76.09,3828,Same,Increase
18-Oct-19,Tamil Nadu,76.09,3822,Same,Decrease
19-Oct-19,Tamil Nadu,76.09,3831,Same,Increase
20-Oct-19,Tamil Nadu,76.09,3831,Same,Same
21-Oct-19,Tamil Nadu,76.1,3822,Increase,Decrease
22-Oct-19,Tamil Nadu,76.04,3817,Decrease,Decrease
23-Oct-19,Tamil Nadu,76.04,3832,Same,Increase
24-Oct-19,Tamil Nadu,75.99,3828,Decrease,Decrease
25-Oct-19,Tamil Nadu,75.87,3858,Decrease,Increase
26-Oct-19,Tamil Nadu,75.79,3853,Decrease,Decrease
27-Oct-19,Tamil Nadu,75.79,3853,Same,Same
28-Oct-19,Tamil Nadu,75.79,3848,Same,Decrease
29-Oct-19,Tamil Nadu,75.72,3827,Decrease,Decrease
30-Oct-19,Tamil Nadu,75.72,3830,Same,Increase
31-Oct-19,Tamil Nadu,75.72,3859,Same,Increase
01-Nov-19,Tamil Nadu,75.69,3876,Decrease,Increase
02-Nov-19,Tamil Nadu,75.67,3868,Decrease,Decrease
03-Nov-19,Tamil Nadu,75.59,3868,Decrease,Same
04-Nov-19,Tamil Nadu,75.5,3864,Decrease,Decrease
05-Nov-19,Tamil Nadu,75.45,3855,Decrease,Decrease
06-Nov-19,Tamil Nadu,75.45,3821,Same,Decrease
07-Nov-19,Tamil Nadu,75.45,3821,Same,Same
08-Nov-19,Tamil Nadu,75.55,3796,Increase,Decrease
09-Nov-19,Tamil Nadu,75.71,3793,Increase,Decrease
10-Nov-19,Tamil Nadu,75.92,3793,Increase,Same
11-Nov-19,Tamil Nadu,76.08,3799,Increase,Increase
12-Nov-19,Tamil Nadu,76.18,3781,Increase,Decrease
13-Nov-19,Tamil Nadu,76.18,3807,Same,Increase
14-Nov-19,Tamil Nadu,76.34,3826,Increase,Increase
15-Nov-19,Tamil Nadu,76.53,3801,Increase,Decrease
16-Nov-19,Tamil Nadu,76.68,3808,Increase,Increase
17-Nov-19,Tamil Nadu,76.81,3808,Increase,Same
18-Nov-19,Tamil Nadu,76.97,3790,Increase,Decrease
19-Nov-19,Tamil Nadu,77.13,3810,Increase,Increase
20-Nov-19,Tamil Nadu,77.13,3825,Same,Increase
21-Nov-19,Tamil Nadu,77.13,3815,Same,Decrease
22-Nov-19,Tamil Nadu,77.29,3807,Increase,Decrease
23-Nov-19,Tamil Nadu,77.38,3800,Increase,Decrease
24-Nov-19,Tamil Nadu,77.49,3800,Increase,Same
25-Nov-19,Tamil Nadu,77.62,3784,Increase,Decrease
26-Nov-19,Tamil Nadu,77.72,3779,Increase,Decrease
27-Nov-19,Tamil Nadu,77.72,3773,Same,Decrease
28-Nov-19,Tamil Nadu,77.72,3775,Same,Increase
29-Nov-19,Tamil Nadu,77.77,3787,Increase,Increase
30-Nov-19,Tamil Nadu,77.83,3807,Increase,Increase
01-Dec-19,Tamil Nadu,77.91,3807,Increase,Same
02-Dec-19,Tamil Nadu,77.91,3778,Same,Decrease
03-Dec-19,Tamil Nadu,77.91,3789,Same,Increase
04-Dec-19,Tamil Nadu,77.91,3809,Same,Increase
05-Dec-19,Tamil Nadu,77.91,3826,Same,Increase
06-Dec-19,Tamil Nadu,77.83,3822,Decrease,Decrease
07-Dec-19,Tamil Nadu,77.83,3793,Same,Decrease
08-Dec-19,Tamil Nadu,77.83,3793,Same,Same
09-Dec-19,Tamil Nadu,77.97,3785,Increase,Decrease
10-Dec-19,Tamil Nadu,77.97,3777,Same,Decrease
11-Dec-19,Tamil Nadu,77.97,3777,Same,Same
12-Dec-19,Tamil Nadu,77.92,3782,Decrease,Increase
13-Dec-19,Tamil Nadu,77.86,3780,Decrease,Decrease
14-Dec-19,Tamil Nadu,77.81,3803,Decrease,Increase
15-Dec-19,Tamil Nadu,77.7,3803,Decrease,Same
16-Dec-19,Tamil Nadu,77.65,3803,Decrease,Same
17-Dec-19,Tamil Nadu,77.58,3808,Decrease,Increase
18-Dec-19,Tamil Nadu,77.58,3815,Same,Increase
19-Dec-19,Tamil Nadu,77.58,3810,Same,Decrease
20-Dec-19,Tamil Nadu,77.58,3817,Same,Increase
21-Dec-19,Tamil Nadu,77.58,3819,Same,Increase
22-Dec-19,Tamil Nadu,77.58,3819,Same,Same
23-Dec-19,Tamil Nadu,77.58,3833,Same,Increase
24-Dec-19,Tamil Nadu,77.58,3847,Same,Increase
25-Dec-19,Tamil Nadu,77.58,3883,Same,Increase
26-Dec-19,Tamil Nadu,77.64,3877,Increase,Decrease
27-Dec-19,Tamil Nadu,77.7,3899,Increase,Increase
28-Dec-19,Tamil Nadu,77.7,3917,Same,Increase
29-Dec-19,Tamil Nadu,77.85,3917,Increase,Same
30-Dec-19,Tamil Nadu,78.02,3909,Increase,Decrease
31-Dec-19,Tamil Nadu,78.12,3929,Increase,Increase
01-Jan-20,Tamil Nadu,78.12,3922,Same,Decrease
02-Jan-20,Tamil Nadu,78.2,3923,Increase,Increase
03-Jan-20,Tamil Nadu,78.28,4005,Increase,Increase
04-Jan-20,Tamil Nadu,78.39,4024,Increase,Increase
05-Jan-20,Tamil Nadu,78.48,4024,Increase,Same
06-Jan-20,Tamil Nadu,78.64,4088,Increase,Increase
07-Jan-20,Tamil Nadu,78.69,4056,Increase,Decrease
08-Jan-20,Tamil Nadu,78.69,4092,Same,Increase
09-Jan-20,Tamil Nadu,78.77,3995,Increase,Decrease
10-Jan-20,Tamil Nadu,78.92,3990,Increase,Decrease
11-Jan-20,Tamil Nadu,78.98,4011,Increase,Increase
12-Jan-20,Tamil Nadu,78.86,4011,Decrease,Same
13-Jan-20,Tamil Nadu,78.76,3971,Decrease,Decrease
14-Jan-20,Tamil Nadu,78.65,3954,Decrease,Decrease
15-Jan-20,Tamil Nadu,78.65,3989,Same,Increase
16-Jan-20,Tamil Nadu,78.49,3995,Decrease,Increase
17-Jan-20,Tamil Nadu,78.34,3999,Decrease,Increase
18-Jan-20,Tamil Nadu,78.19,4019,Decrease,Increase
19-Jan-20,Tamil Nadu,78.01,4019,Decrease,Same
20-Jan-20,Tamil Nadu,77.89,4015,Decrease,Decrease
21-Jan-20,Tamil Nadu,77.72,4006,Decrease,Decrease
22-Jan-20,Tamil Nadu,77.72,4004,Same,Decrease
23-Jan-20,Tamil Nadu,77.54,4002,Decrease,Decrease
24-Jan-20,Tamil Nadu,77.31,4015,Decrease,Increase
25-Jan-20,Tamil Nadu,77.03,4055,Decrease,Increase
26-Jan-20,Tamil Nadu,76.71,4055,Decrease,Same
27-Jan-20,Tamil Nadu,76.56,4076,Decrease,Increase
28-Jan-20,Tamil Nadu,76.44,4069,Decrease,Decrease
29-Jan-20,Tamil Nadu,76.44,4049,Same,Decrease
30-Jan-20,Tamil Nadu,76.19,4086,Decrease,Increase
31-Jan-20,Tamil Nadu,76.09,4077,Decrease,Decrease
01-Feb-20,Tamil Nadu,76.03,4118,Decrease,Increase
02-Feb-20,Tamil Nadu,75.95,4118,Decrease,Same
03-Feb-20,Tamil Nadu,75.89,4090,Decrease,Decrease
04-Feb-20,Tamil Nadu,75.89,4050,Same,Decrease
05-Feb-20,Tamil Nadu,75.83,4029,Decrease,Decrease
06-Feb-20,Tamil Nadu,75.73,4055,Decrease,Increase
07-Feb-20,Tamil Nadu,75.51,4066,Decrease,Increase
08-Feb-20,Tamil Nadu,75.27,4093,Decrease,Increase
09-Feb-20,Tamil Nadu,75.04,4093,Decrease,Same
10-Feb-20,Tamil Nadu,74.9,4086,Decrease,Decrease
11-Feb-20,Tamil Nadu,74.73,4065,Decrease,Decrease
12-Feb-20,Tamil Nadu,74.73,4055,Same,Decrease
13-Feb-20,Tamil Nadu,74.73,4083,Same,Increase
14-Feb-20,Tamil Nadu,74.73,4083,Same,Same
15-Feb-20,Tamil Nadu,74.73,4120,Same,Increase
16-Feb-20,Tamil Nadu,74.73,4120,Same,Same
17-Feb-20,Tamil Nadu,74.73,4097,Same,Decrease
18-Feb-20,Tamil Nadu,74.68,4122,Decrease,Increase
19-Feb-20,Tamil Nadu,74.68,4163,Same,Increase
20-Feb-20,Tamil Nadu,74.68,4177,Same,Increase
21-Feb-20,Tamil Nadu,74.68,4254,Same,Increase
22-Feb-20,Tamil Nadu,74.73,4276,Increase,Increase
23-Feb-20,Tamil Nadu,74.81,4276,Increase,Same
24-Feb-20,Tamil Nadu,74.81,4374,Same,Increase
25-Feb-20,Tamil Nadu,74.81,4297,Same,Decrease
26-Feb-20,Tamil Nadu,74.73,4284,Decrease,Decrease
27-Feb-20,Tamil Nadu,74.75,4267,Increase,Decrease
28-Feb-20,Tamil Nadu,74.75,4267,Same,Same
29-Feb-20,Tamil Nadu,74.68,4185,Decrease,Decrease
01-Mar-20,Tamil Nadu,74.51,4185,Decrease,Same
02-Mar-20,Tamil Nadu,74.28,4205,Decrease,Increase
03-Mar-20,Tamil Nadu,74.23,4226,Decrease,Increase
04-Mar-20,Tamil Nadu,74.23,4334,Same,Increase
05-Mar-20,Tamil Nadu,74.07,4328,Decrease,Decrease
06-Mar-20,Tamil Nadu,73.91,4431,Decrease,Increase
07-Mar-20,Tamil Nadu,73.78,4417,Decrease,Decrease
08-Mar-20,Tamil Nadu,73.58,4417,Decrease,Same
09-Mar-20,Tamil Nadu,73.33,4390,Decrease,Decrease
10-Mar-20,Tamil Nadu,73.02,4425,Decrease,Increase
11-Mar-20,Tamil Nadu,73.02,4372,Same,Decrease
12-Mar-20,Tamil Nadu,72.86,4365,Decrease,Decrease
13-Mar-20,Tamil Nadu,72.71,4214,Decrease,Decrease
14-Mar-20,Tamil Nadu,72.57,4131,Decrease,Decrease
15-Mar-20,Tamil Nadu,72.45,4131,Decrease,Same
16-Mar-20,Tamil Nadu,72.28,4140,Decrease,Increase
17-Mar-20,Tamil Nadu,72.28,4011,Same,Decrease
18-Mar-20,Tamil Nadu,72.28,4061,Same,Increase
19-Mar-20,Tamil Nadu,72.28,4073,Same,Increase
20-Mar-20,Tamil Nadu,72.28,4150,Same,Increase
21-Mar-20,Tamil Nadu,72.28,4164,Same,Increase
22-Mar-20,Tamil Nadu,72.28,4164,Same,Same
23-Mar-20,Tamil Nadu,72.28,4150,Same,Decrease
24-Mar-20,Tamil Nadu,72.28,4214,Same,Increase
25-Mar-20,Tamil Nadu,72.28,4214,Same,Same
26-Mar-20,Tamil Nadu,72.28,4315,Same,Increase
27-Mar-20,Tamil Nadu,72.28,4366,Same,Increase
28-Mar-20,Tamil Nadu,72.28,4399,Same,Increase
29-Mar-20,Tamil Nadu,72.28,4399,Same,Same
30-Mar-20,Tamil Nadu,72.28,4417,Same,Increase
31-Mar-20,Tamil Nadu,72.28,4378,Same,Decrease
01-Apr-20,Tamil Nadu,72.28,4365,Same,Decrease
02-Apr-20,Tamil Nadu,72.28,4363,Same,Decrease
03-Apr-20,Tamil Nadu,72.28,4430,Same,Increase
04-Apr-20,Tamil Nadu,72.28,4460,Same,Increase
05-Apr-20,Tamil Nadu,72.28,4460,Same,Same
06-Apr-20,Tamil Nadu,72.28,4446,Same,Decrease
07-Apr-20,Tamil Nadu,72.28,4498,Same,Increase
08-Apr-20,Tamil Nadu,72.28,4541,Same,Increase
09-Apr-20,Tamil Nadu,72.28,4566,Same,Increase
10-Apr-20,Tamil Nadu,72.28,4601,Same,Increase
11-Apr-20,Tamil Nadu,72.28,4601,Same,Same
12-Apr-20,Tamil Nadu,72.28,4601,Same,Same
13-Apr-20,Tamil Nadu,72.28,4638,Same,Increase
14-Apr-20,Tamil Nadu,72.28,4720,Same,Increase
15-Apr-20,Tamil Nadu,72.28,4725,Same,Increase
16-Apr-20,Tamil Nadu,72.28,4728,Same,Increase
17-Apr-20,Tamil Nadu,72.28,4687,Same,Decrease
18-Apr-20,Tamil Nadu,72.28,4685,Same,Decrease
19-Apr-20,Tamil Nadu,72.28,4685,Same,Same
20-Apr-20,Tamil Nadu,72.28,4627,Same,Decrease
21-Apr-20,Tamil Nadu,72.28,4677,Same,Increase
22-Apr-20,Tamil Nadu,72.28,4696,Same,Increase
23-Apr-20,Tamil Nadu,72.28,4740,Same,Increase
24-Apr-20,Tamil Nadu,72.28,4737,Same,Decrease
25-Apr-20,Tamil Nadu,72.28,4717,Same,Decrease
26-Apr-20,Tamil Nadu,72.28,4717,Same,Same
27-Apr-20,Tamil Nadu,72.28,4682,Same,Decrease
28-Apr-20,Tamil Nadu,72.28,4632,Same,Decrease
29-Apr-20,Tamil Nadu,72.28,4650,Same,Increase
30-Apr-20,Tamil Nadu,72.28,4603,Same,Decrease
01-May-20,Tamil Nadu,72.28,4549,Same,Decrease
02-May-20,Tamil Nadu,72.28,4568,Same,Increase
03-May-20,Tamil Nadu,72.28,4568,Same,Same
04-May-20,Tamil Nadu,75.54,4584,Increase,Increase
05-May-20,Tamil Nadu,75.54,4600,Same,Increase
06-May-20,Tamil Nadu,75.54,4623,Same,Increase
07-May-20,Tamil Nadu,75.54,4591,Same,Decrease
08-May-20,Tamil Nadu,75.54,4658,Same,Increase
09-May-20,Tamil Nadu,75.54,4661,Same,Increase
10-May-20,Tamil Nadu,75.54,4661,Same,Same
11-May-20,Tamil Nadu,75.54,4667,Same,Increase
12-May-20,Tamil Nadu,75.54,4663,Same,Decrease
13-May-20,Tamil Nadu,75.54,4652,Same,Decrease
14-May-20,Tamil Nadu,75.54,4689,Same,Increase
15-May-20,Tamil Nadu,75.54,4725,Same,Increase
16-May-20,Tamil Nadu,75.54,4773,Same,Increase
17-May-20,Tamil Nadu,75.54,4773,Same,Same
18-May-20,Tamil Nadu,75.54,4805,Same,Increase
19-May-20,Tamil Nadu,75.54,4708,Same,Decrease
20-May-20,Tamil Nadu,75.54,4751,Same,Increase
21-May-20,Tamil Nadu,75.54,4712,Same,Decrease
22-May-20,Tamil Nadu,75.54,4753,Same,Increase
23-May-20,Tamil Nadu,75.54,4771,Same,Increase
24-May-20,Tamil Nadu,75.54,4771,Same,Same
25-May-20,Tamil Nadu,75.54,4771,Same,Same
26-May-20,Tamil Nadu,75.54,4709,Same,Decrease
27-May-20,Tamil Nadu,75.54,4653,Same,Decrease
28-May-20,Tamil Nadu,75.54,4709,Same,Increase
29-May-20,Tamil Nadu,75.54,4700,Same,Decrease
30-May-20,Tamil Nadu,75.54,4733,Same,Increase
31-May-20,Tamil Nadu,75.54,4733,Same,Same
01-Jun-20,Tamil Nadu,75.54,4717,Same,Decrease
02-Jun-20,Tamil Nadu,75.54,4724,Same,Increase
03-Jun-20,Tamil Nadu,75.54,4695,Same,Decrease
04-Jun-20,Tamil Nadu,75.54,4695,Same,Same
05-Jun-20,Tamil Nadu,75.54,4708,Same,Increase
06-Jun-20,Tamil Nadu,75.54,4657,Same,Decrease
07-Jun-20,Tamil Nadu,76.07,4657,Increase,Same
08-Jun-20,Tamil Nadu,76.6,4669,Increase,Increase
09-Jun-20,Tamil Nadu,77.08,4703,Increase,Increase
10-Jun-20,Tamil Nadu,77.43,4723,Increase,Increase
11-Jun-20,Tamil Nadu,77.96,4753,Increase,Increase
12-Jun-20,Tamil Nadu,78.47,4761,Increase,Increase
13-Jun-20,Tamil Nadu,78.99,4780,Increase,Increase
14-Jun-20,Tamil Nadu,79.53,4780,Increase,Same
15-Jun-20,Tamil Nadu,79.96,4736,Increase,Decrease
16-Jun-20,Tamil Nadu,80.37,4780,Increase,Increase
17-Jun-20,Tamil Nadu,80.86,4759,Increase,Decrease
18-Jun-20,Tamil Nadu,81.32,4785,Increase,Increase
19-Jun-20,Tamil Nadu,81.82,4781,Increase,Decrease
20-Jun-20,Tamil Nadu,82.27,4836,Increase,Increase
21-Jun-20,Tamil Nadu,82.58,4836,Increase,Same
22-Jun-20,Tamil Nadu,82.87,4841,Increase,Increase
23-Jun-20,Tamil Nadu,83.04,4841,Increase,Same
24-Jun-20,Tamil Nadu,83.04,4891,Same,Increase
25-Jun-20,Tamil Nadu,83.18,4842,Increase,Decrease
26-Jun-20,Tamil Nadu,83.37,4841,Increase,Decrease
27-Jun-20,Tamil Nadu,83.59,4870,Increase,Increase
28-Jun-20,Tamil Nadu,83.59,4870,Same,Same
29-Jun-20,Tamil Nadu,83.63,4856,Increase,Decrease
30-Jun-20,Tamil Nadu,83.63,4862,Same,Increase
01-Jul-20,Tamil Nadu,83.63,4918,Same,Increase
02-Jul-20,Tamil Nadu,83.63,4856,Same,Decrease
03-Jul-20,Tamil Nadu,83.63,4853,Same,Decrease
04-Jul-20,Tamil Nadu,83.63,4853,Same,Same
05-Jul-20,Tamil Nadu,83.63,4853,Same,Same
06-Jul-20,Tamil Nadu,83.63,4853,Same,Same
07-Jul-20,Tamil Nadu,83.63,4858,Same,Increase
08-Jul-20,Tamil Nadu,83.63,4926,Same,Increase
09-Jul-20,Tamil Nadu,83.63,4954,Same,Increase
10-Jul-20,Tamil Nadu,83.63,4941,Same,Decrease
11-Jul-20,Tamil Nadu,83.63,4923,Same,Decrease
12-Jul-20,Tamil Nadu,83.63,4923,Same,Same
13-Jul-20,Tamil Nadu,83.63,4941,Same,Increase
14-Jul-20,Tamil Nadu,83.63,4932,Same,Decrease
15-Jul-20,Tamil Nadu,83.63,4952,Same,Increase
16-Jul-20,Tamil Nadu,83.63,4942,Same,Decrease
17-Jul-20,Tamil Nadu,83.63,4917,Same,Decrease
18-Jul-20,Tamil Nadu,83.63,4938,Same,Increase
19-Jul-20,Tamil Nadu,83.63,4938,Same,Same
20-Jul-20,Tamil Nadu,83.63,4937,Same,Decrease
21-Jul-20,Tamil Nadu,83.63,4951,Same,Increase
22-Jul-20,Tamil Nadu,83.63,5012,Same,Increase
23-Jul-20,Tamil Nadu,83.63,5088,Same,Increase
24-Jul-20,Tamil Nadu,83.63,5129,Same,Increase
25-Jul-20,Tamil Nadu,83.63,5148,Same,Increase
26-Jul-20,Tamil Nadu,83.63,5148,Same,Same
27-Jul-20,Tamil Nadu,83.63,5262,Same,Increase
28-Jul-20,Tamil Nadu,83.63,5289,Same,Increase
29-Jul-20,Tamil Nadu,83.63,5328,Same,Increase
30-Jul-20,Tamil Nadu,83.63,5348,Same,Increase
31-Jul-20,Tamil Nadu,83.63,5406,Same,Increase
01-Aug-20,Tamil Nadu,83.63,5456,Same,Increase
02-Aug-20,Tamil Nadu,83.63,5456,Same,Same
03-Aug-20,Tamil Nadu,83.63,5458,Same,Increase
04-Aug-20,Tamil Nadu,83.63,5462,Same,Increase
05-Aug-20,Tamil Nadu,83.63,5589,Same,Increase
06-Aug-20,Tamil Nadu,83.63,5642,Same,Increase
07-Aug-20,Tamil Nadu,83.63,5687,Same,Increase
08-Aug-20,Tamil Nadu,83.63,5654,Same,Decrease
09-Aug-20,Tamil Nadu,83.63,5654,Same,Same
10-Aug-20,Tamil Nadu,83.63,5633,Same,Decrease
11-Aug-20,Tamil Nadu,83.63,5504,Same,Decrease
12-Aug-20,Tamil Nadu,83.63,5359,Same,Decrease
13-Aug-20,Tamil Nadu,83.63,5330,Same,Decrease
14-Aug-20,Tamil Nadu,83.63,5355,Same,Increase
15-Aug-20,Tamil Nadu,83.63,5355,Same,Same
16-Aug-20,Tamil Nadu,83.75,5355,Increase,Same
17-Aug-20,Tamil Nadu,83.75,5328,Same,Decrease
18-Aug-20,Tamil Nadu,83.99,5446,Increase,Increase
19-Aug-20,Tamil Nadu,83.99,5424,Same,Decrease
20-Aug-20,Tamil Nadu,83.99,5292,Same,Decrease
21-Aug-20,Tamil Nadu,84.26,5283,Increase,Decrease
22-Aug-20,Tamil Nadu,84.09,5300,Decrease,Increase
23-Aug-20,Tamil Nadu,84.52,5300,Increase,Same
24-Aug-20,Tamil Nadu,84.64,5243,Increase,Decrease
25-Aug-20,Tamil Nadu,84.73,5167,Increase,Decrease
26-Aug-20,Tamil Nadu,84.73,5148,Same,Decrease
27-Aug-20,Tamil Nadu,84.82,5184,Increase,Increase
28-Aug-20,Tamil Nadu,84.91,5142,Increase,Decrease
29-Aug-20,Tamil Nadu,84.91,5173,Same,Increase
30-Aug-20,Tamil Nadu,85,5173,Increase,Same
31-Aug-20,Tamil Nadu,85,5195,Same,Increase
01-Sep-20,Tamil Nadu,85,5212,Same,Increase
02-Sep-20,Tamil Nadu,85.04,5157,Increase,Decrease
03-Sep-20,Tamil Nadu,85.04,5119,Same,Decrease
04-Sep-20,Tamil Nadu,85.04,5123,Same,Increase
05-Sep-20,Tamil Nadu,85.04,5132,Same,Increase
06-Sep-20,Tamil Nadu,85.04,5132,Same,Same
07-Sep-20,Tamil Nadu,85.04,5132,Same,Same
08-Sep-20,Tamil Nadu,85.04,5135,Same,Increase
09-Sep-20,Tamil Nadu,85.04,5154,Same,Increase
10-Sep-20,Tamil Nadu,84.96,5166,Decrease,Increase
11-Sep-20,Tamil Nadu,84.96,5150,Same,Decrease
12-Sep-20,Tamil Nadu,84.85,5145,Decrease,Decrease
13-Sep-20,Tamil Nadu,84.85,5145,Same,Same
14-Sep-20,Tamil Nadu,84.72,5162,Decrease,Increase
15-Sep-20,Tamil Nadu,84.57,5208,Decrease,Increase
16-Sep-20,Tamil Nadu,84.57,5194,Same,Decrease
17-Sep-20,Tamil Nadu,84.44,5165,Decrease,Decrease
18-Sep-20,Tamil Nadu,84.21,5189,Decrease,Increase
19-Sep-20,Tamil Nadu,84.21,5206,Same,Increase
20-Sep-20,Tamil Nadu,84.21,5206,Same,Same
21-Sep-20,Tamil Nadu,84.21,5161,Same,Decrease
22-Sep-20,Tamil Nadu,84.14,5093,Decrease,Decrease
23-Sep-20,Tamil Nadu,84.14,5061,Same,Decrease
24-Sep-20,Tamil Nadu,84.14,5002,Same,Decrease
25-Sep-20,Tamil Nadu,84.14,5028,Same,Increase
26-Sep-20,Tamil Nadu,84.14,5019,Same,Decrease
27-Sep-20,Tamil Nadu,84.14,5019,Same,Same
28-Sep-20,Tamil Nadu,84.14,5079,Same,Increase
29-Sep-20,Tamil Nadu,84.14,5059,Same,Decrease
30-Sep-20,Tamil Nadu,84.14,5049,Same,Decrease
01-Oct-20,Tamil Nadu,84.14,5056,Same,Increase
02-Oct-20,Tamil Nadu,84.14,5112,Same,Increase
03-Oct-20,Tamil Nadu,84.14,5093,Same,Decrease
04-Oct-20,Tamil Nadu,84.14,5093,Same,Same
05-Oct-20,Tamil Nadu,84.14,5062,Same,Decrease
06-Oct-20,Tamil Nadu,84.14,5103,Same,Increase
07-Oct-20,Tamil Nadu,84.14,5046,Same,Decrease
08-Oct-20,Tamil Nadu,84.14,5051,Same,Increase
09-Oct-20,Tamil Nadu,84.14,5093,Same,Increase
10-Oct-20,Tamil Nadu,84.14,5125,Same,Increase
11-Oct-20,Tamil Nadu,84.14,5125,Same,Same
12-Oct-20,Tamil Nadu,84.14,5128,Same,Increase
13-Oct-20,Tamil Nadu,84.14,5129,Same,Increase
14-Oct-20,Tamil Nadu,84.14,5078,Same,Decrease
15-Oct-20,Tamil Nadu,84.14,5072,Same,Decrease
16-Oct-20,Tamil Nadu,84.14,5106,Same,Increase
17-Oct-20,Tamil Nadu,84.14,5054,Same,Decrease
18-Oct-20,Tamil Nadu,84.14,5054,Same,Same
19-Oct-20,Tamil Nadu,84.14,5084,Same,Increase
20-Oct-20,Tamil Nadu,84.14,5058,Same,Decrease
21-Oct-20,Tamil Nadu,84.14,5094,Same,Increase
22-Oct-20,Tamil Nadu,84.14,5098,Same,Increase
23-Oct-20,Tamil Nadu,84.14,5102,Same,Increase
24-Oct-20,Tamil Nadu,84.14,5100,Same,Decrease
25-Oct-20,Tamil Nadu,84.14,5100,Same,Same
26-Oct-20,Tamil Nadu,84.14,5101,Same,Increase
27-Oct-20,Tamil Nadu,84.14,5136,Same,Increase
28-Oct-20,Tamil Nadu,84.14,5148,Same,Increase
29-Oct-20,Tamil Nadu,84.14,5121,Same,Decrease
30-Oct-20,Tamil Nadu,84.14,5114,Same,Decrease
31-Oct-20,Tamil Nadu,84.14,5140,Same,Increase
01-Nov-20,Tamil Nadu,84.14,5140,Same,Same
02-Nov-20,Tamil Nadu,84.14,5139,Same,Decrease
03-Nov-20,Tamil Nadu,84.14,5150,Same,Increase
04-Nov-20,Tamil Nadu,84.14,5170,Same,Increase
05-Nov-20,Tamil Nadu,84.14,5190,Same,Increase
06-Nov-20,Tamil Nadu,84.14,5247,Same,Increase
07-Nov-20,Tamil Nadu,84.14,5264,Same,Increase
08-Nov-20,Tamil Nadu,84.14,5264,Same,Same
09-Nov-20,Tamil Nadu,84.14,5302,Same,Increase
10-Nov-20,Tamil Nadu,84.14,5160,Same,Decrease
11-Nov-20,Tamil Nadu,84.14,5144,Same,Decrease
12-Nov-20,Tamil Nadu,84.14,5141,Same,Decrease
13-Nov-20,Tamil Nadu,84.14,5163,Same,Increase
14-Nov-20,Tamil Nadu,84.14,5163,Same,Same
15-Nov-20,Tamil Nadu,84.14,5163,Same,Same
16-Nov-20,Tamil Nadu,84.14,5201,Same,Increase
17-Nov-20,Tamil Nadu,84.14,5184,Same,Decrease
18-Nov-20,Tamil Nadu,84.14,5160,Same,Decrease
19-Nov-20,Tamil Nadu,84.14,5120,Same,Decrease
20-Nov-20,Tamil Nadu,84.31,5120,Increase,Same
21-Nov-20,Tamil Nadu,84.46,5140,Increase,Increase
22-Nov-20,Tamil Nadu,84.53,5140,Increase,Same
23-Nov-20,Tamil Nadu,84.59,5128,Increase,Decrease
24-Nov-20,Tamil Nadu,84.64,5020,Increase,Decrease
25-Nov-20,Tamil Nadu,84.64,4994,Same,Decrease
26-Nov-20,Tamil Nadu,84.74,4993,Increase,Decrease
27-Nov-20,Tamil Nadu,84.91,4969,Increase,Decrease
28-Nov-20,Tamil Nadu,85.12,4954,Increase,Decrease
29-Nov-20,Tamil Nadu,85.31,4954,Increase,Same
30-Nov-20,Tamil Nadu,85.31,4899,Same,Decrease
01-Dec-20,Tamil Nadu,85.31,4906,Same,Increase
02-Dec-20,Tamil Nadu,85.44,4991,Increase,Increase
03-Dec-20,Tamil Nadu,85.59,5036,Increase,Increase
04-Dec-20,Tamil Nadu,85.76,5030,Increase,Decrease
05-Dec-20,Tamil Nadu,86,5032,Increase,Increase
06-Dec-20,Tamil Nadu,86.25,5032,Increase,Same
07-Dec-20,Tamil Nadu,86.51,5016,Increase,Decrease
08-Dec-20,Tamil Nadu,86.51,5088,Same,Increase
09-Dec-20,Tamil Nadu,86.51,5064,Same,Decrease
10-Dec-20,Tamil Nadu,86.51,5002,Same,Decrease
11-Dec-20,Tamil Nadu,86.51,5012,Same,Increase
12-Dec-20,Tamil Nadu,86.51,5037,Same,Increase
13-Dec-20,Tamil Nadu,86.51,5037,Same,Same
14-Dec-20,Tamil Nadu,86.51,4996,Same,Decrease
15-Dec-20,Tamil Nadu,86.51,5038,Same,Increase
16-Dec-20,Tamil Nadu,86.51,5072,Same,Increase
17-Dec-20,Tamil Nadu,86.51,5092,Same,Increase
18-Dec-20,Tamil Nadu,86.51,5104,Same,Increase
19-Dec-20,Tamil Nadu,86.51,5128,Same,Increase
20-Dec-20,Tamil Nadu,86.51,5128,Same,Same
21-Dec-20,Tamil Nadu,86.51,5153,Same,Increase
22-Dec-20,Tamil Nadu,86.51,5109,Same,Decrease
23-Dec-20,Tamil Nadu,86.51,5099,Same,Decrease
24-Dec-20,Tamil Nadu,86.51,5104,Same,Increase
25-Dec-20,Tamil Nadu,86.51,5111,Same,Increase
26-Dec-20,Tamil Nadu,86.51,5114,Same,Increase
27-Dec-20,Tamil Nadu,86.51,5114,Same,Same
28-Dec-20,Tamil Nadu,86.51,5112,Same,Decrease
29-Dec-20,Tamil Nadu,86.51,5102,Same,Decrease
30-Dec-20,Tamil Nadu,86.51,5096,Same,Decrease
31-Dec-20,Tamil Nadu,86.51,5110,Same,Increase
01-Jan-21,Tamil Nadu,86.51,5119,Same,Increase
02-Jan-21,Tamil Nadu,86.51,5132,Same,Increase
03-Jan-21,Tamil Nadu,86.51,5132,Same,Same
04-Jan-21,Tamil Nadu,86.51,5199,Same,Increase
05-Jan-21,Tamil Nadu,86.51,5240,Same,Increase
06-Jan-21,Tamil Nadu,86.75,5269,Increase,Increase
07-Jan-21,Tamil Nadu,86.96,5189,Increase,Decrease
08-Jan-21,Tamil Nadu,86.96,5138,Same,Decrease
09-Jan-21,Tamil Nadu,86.96,5084,Same,Decrease
10-Jan-21,Tamil Nadu,86.96,5084,Same,Same
11-Jan-21,Tamil Nadu,86.96,5064,Same,Decrease
12-Jan-21,Tamil Nadu,86.96,5064,Same,Same
13-Jan-21,Tamil Nadu,87.18,5046,Increase,Decrease
14-Jan-21,Tamil Nadu,87.4,5046,Increase,Same
15-Jan-21,Tamil Nadu,87.4,5040,Same,Decrease
16-Jan-21,Tamil Nadu,87.4,4992,Same,Decrease
17-Jan-21,Tamil Nadu,87.4,4992,Same,Same
18-Jan-21,Tamil Nadu,87.63,4997,Increase,Increase
19-Jan-21,Tamil Nadu,87.85,5016,Increase,Increase
20-Jan-21,Tamil Nadu,87.85,5035,Same,Increase
21-Jan-21,Tamil Nadu,87.85,5059,Same,Increase
22-Jan-21,Tamil Nadu,88.07,5044,Increase,Decrease
23-Jan-21,Tamil Nadu,88.29,5039,Increase,Decrease
24-Jan-21,Tamil Nadu,88.29,5039,Same,Same
25-Jan-21,Tamil Nadu,88.29,5020,Same,Decrease
26-Jan-21,Tamil Nadu,88.6,5020,Increase,Same
27-Jan-21,Tamil Nadu,88.82,5001,Increase,Decrease
28-Jan-21,Tamil Nadu,88.82,5002,Same,Increase
29-Jan-21,Tamil Nadu,88.82,5022,Same,Increase
30-Jan-21,Tamil Nadu,88.82,5039,Same,Increase
31-Jan-21,Tamil Nadu,88.82,5039,Same,Same
01-Feb-21,Tamil Nadu,88.82,5009,Same,Decrease
02-Feb-21,Tamil Nadu,88.82,4949,Same,Decrease
03-Feb-21,Tamil Nadu,88.82,4913,Same,Decrease
04-Feb-21,Tamil Nadu,89.13,4867,Increase,Decrease
05-Feb-21,Tamil Nadu,89.39,4839,Increase,Decrease
06-Feb-21,Tamil Nadu,89.39,4853,Same,Increase
07-Feb-21,Tamil Nadu,89.39,4853,Same,Same
08-Feb-21,Tamil Nadu,89.39,4849,Same,Decrease
09-Feb-21,Tamil Nadu,89.7,4921,Increase,Increase
10-Feb-21,Tamil Nadu,89.96,4906,Increase,Decrease
11-Feb-21,Tamil Nadu,90.18,4769,Increase,Decrease
12-Feb-21,Tamil Nadu,90.44,4850,Increase,Increase
13-Feb-21,Tamil Nadu,90.7,4852,Increase,Increase
14-Feb-21,Tamil Nadu,90.96,4852,Increase,Same
15-Feb-21,Tamil Nadu,91.19,4841,Increase,Decrease
16-Feb-21,Tamil Nadu,91.45,4848,Increase,Increase
17-Feb-21,Tamil Nadu,91.68,4778,Increase,Decrease
18-Feb-21,Tamil Nadu,91.98,4769,Increase,Decrease
19-Feb-21,Tamil Nadu,92.25,4732,Increase,Decrease
20-Feb-21,Tamil Nadu,92.59,4760,Increase,Increase
21-Feb-21,Tamil Nadu,92.59,4760,Same,Same
22-Feb-21,Tamil Nadu,92.59,4779,Same,Increase
23-Feb-21,Tamil Nadu,92.9,4798,Increase,Increase
24-Feb-21,Tamil Nadu,92.9,4797,Same,Decrease
25-Feb-21,Tamil Nadu,92.9,4756,Same,Decrease
26-Feb-21,Tamil Nadu,92.9,4747,Same,Decrease
27-Feb-21,Tamil Nadu,93.11,4715,Increase,Decrease
28-Feb-21,Tamil Nadu,93.11,4715,Same,Same
01-Mar-21,Tamil Nadu,93.11,4726,Same,Increase
02-Mar-21,Tamil Nadu,93.11,4674,Same,Decrease
03-Mar-21,Tamil Nadu,93.11,4655,Same,Decrease
04-Mar-21,Tamil Nadu,93.11,4608,Same,Decrease
05-Mar-21,Tamil Nadu,93.11,4575,Same,Decrease
06-Mar-21,Tamil Nadu,93.11,4607,Same,Increase
07-Mar-21,Tamil Nadu,93.11,4607,Same,Same
08-Mar-21,Tamil Nadu,93.11,4584,Same,Decrease
09-Mar-21,Tamil Nadu,93.11,4595,Same,Increase
10-Mar-21,Tamil Nadu,93.11,4598,Same,Increase
11-Mar-21,Tamil Nadu,93.11,4641,Same,Increase
12-Mar-21,Tamil Nadu,93.11,4571,Same,Decrease
13-Mar-21,Tamil Nadu,93.11,4621,Same,Increase
14-Mar-21,Tamil Nadu,93.11,4621,Same,Same
15-Mar-21,Tamil Nadu,93.11,4620,Same,Decrease
16-Mar-21,Tamil Nadu,93.11,4618,Same,Decrease
17-Mar-21,Tamil Nadu,93.11,4628,Same,Increase
18-Mar-21,Tamil Nadu,93.11,4631,Same,Increase
19-Mar-21,Tamil Nadu,93.11,4640,Same,Increase
20-Mar-21,Tamil Nadu,93.11,4641,Same,Increase
21-Mar-21,Tamil Nadu,93.11,4641,Same,Same
22-Mar-21,Tamil Nadu,93.11,4603,Same,Decrease
23-Mar-21,Tamil Nadu,93.11,4619,Same,Increase
24-Mar-21,Tamil Nadu,92.95,4623,Decrease,Increase
25-Mar-21,Tamil Nadu,92.77,4621,Decrease,Decrease
26-Mar-21,Tamil Nadu,92.77,4607,Same,Decrease
27-Mar-21,Tamil Nadu,92.77,4591,Same,Decrease
28-Mar-21,Tamil Nadu,92.77,4591,Same,Same
29-Mar-21,Tamil Nadu,92.77,4592,Same,Increase
30-Mar-21,Tamil Nadu,92.58,4561,Decrease,Decrease
31-Mar-21,Tamil Nadu,92.58,4521,Same,Decrease
01-Apr-21,Tamil Nadu,92.58,4597,Same,Increase
02-Apr-21,Tamil Nadu,92.58,4626,Same,Increase
03-Apr-21,Tamil Nadu,92.58,4636,Same,Increase
04-Apr-21,Tamil Nadu,92.58,4636,Same,Same
05-Apr-21,Tamil Nadu,92.58,4617,Same,Decrease
06-Apr-21,Tamil Nadu,92.58,4617,Same,Same
07-Apr-21,Tamil Nadu,92.58,4693,Same,Increase
08-Apr-21,Tamil Nadu,92.58,4724,Same,Increase
09-Apr-21,Tamil Nadu,92.58,4739,Same,Increase
10-Apr-21,Tamil Nadu,92.58,4733,Same,Decrease
11-Apr-21,Tamil Nadu,92.58,4733,Same,Same
12-Apr-21,Tamil Nadu,92.58,4739,Same,Increase
13-Apr-21,Tamil Nadu,92.58,4739,Same,Same
14-Apr-21,Tamil Nadu,92.58,4739,Same,Same
15-Apr-21,Tamil Nadu,92.43,4739,Decrease,Same
16-Apr-21,Tamil Nadu,92.43,4778,Same,Increase
17-Apr-21,Tamil Nadu,92.43,4811,Same,Increase
18-Apr-21,Tamil Nadu,92.43,4811,Same,Same
19-Apr-21,Tamil Nadu,92.43,4854,Same,Increase
20-Apr-21,Tamil Nadu,92.43,4806,Same,Decrease
21-Apr-21,Tamil Nadu,92.43,4870,Same,Increase
22-Apr-21,Tamil Nadu,92.43,4866,Same,Decrease
23-Apr-21,Tamil Nadu,92.43,4854,Same,Decrease
24-Apr-21,Tamil Nadu,92.43,4836,Same,Decrease
25-Apr-21,Tamil Nadu,92.43,4836,Same,Same
26-Apr-21,Tamil Nadu,92.43,4829,Same,Decrease
27-Apr-21,Tamil Nadu,92.43,4824,Same,Decrease
28-Apr-21,Tamil Nadu,92.43,4789,Same,Decrease
29-Apr-21,Tamil Nadu,92.43,4784,Same,Decrease
30-Apr-21,Tamil Nadu,92.43,4769,Same,Decrease
01-May-21,Tamil Nadu,92.43,4769,Same,Same
02-May-21,Tamil Nadu,92.43,4769,Same,Same
03-May-21,Tamil Nadu,92.43,4781,Same,Increase
04-May-21,Tamil Nadu,92.55,4794,Increase,Increase
05-May-21,Tamil Nadu,92.7,4774,Increase,Decrease
06-May-21,Tamil Nadu,92.9,4809,Increase,Increase
07-May-21,Tamil Nadu,93.15,4855,Increase,Increase
08-May-21,Tamil Nadu,93.15,4869,Same,Increase
09-May-21,Tamil Nadu,93.15,4869,Same,Same
10-May-21,Tamil Nadu,93.38,4879,Increase,Increase
11-May-21,Tamil Nadu,93.62,4879,Increase,Same
12-May-21,Tamil Nadu,93.84,4869,Increase,Decrease
13-May-21,Tamil Nadu,93.84,4855,Same,Decrease
14-May-21,Tamil Nadu,94.09,4866,Increase,Increase
15-May-21,Tamil Nadu,94.09,4879,Same,Increase
16-May-21,Tamil Nadu,94.31,4879,Increase,Same
17-May-21,Tamil Nadu,94.31,4914,Same,Increase
18-May-21,Tamil Nadu,94.54,4934,Increase,Increase
19-May-21,Tamil Nadu,94.54,4929,Same,Decrease
20-May-21,Tamil Nadu,94.54,4947,Same,Increase
21-May-21,Tamil Nadu,94.71,4947,Increase,Same
22-May-21,Tamil Nadu,94.71,4949,Same,Increase
23-May-21,Tamil Nadu,94.71,4957,Same,Increase
24-May-21,Tamil Nadu,94.86,4953,Increase,Decrease
25-May-21,Tamil Nadu,95.06,4961,Increase,Increase
26-May-21,Tamil Nadu,95.06,5011,Same,Increase
27-May-21,Tamil Nadu,95.28,4969,Increase,Decrease
28-May-21,Tamil Nadu,95.28,4956,Same,Decrease
29-May-21,Tamil Nadu,95.51,4970,Increase,Increase
30-May-21,Tamil Nadu,95.51,4970,Same,Same
31-May-21,Tamil Nadu,95.76,4987,Increase,Increase
01-Jun-21,Tamil Nadu,95.99,5017,Increase,Increase
02-Jun-21,Tamil Nadu,95.99,5006,Same,Decrease
03-Jun-21,Tamil Nadu,95.99,4984,Same,Decrease
04-Jun-21,Tamil Nadu,96.23,4944,Increase,Decrease
05-Jun-21,Tamil Nadu,96.23,4974,Same,Increase
06-Jun-21,Tamil Nadu,96.47,4974,Increase,Same
07-Jun-21,Tamil Nadu,96.71,4971,Increase,Decrease
08-Jun-21,Tamil Nadu,96.71,4979,Same,Increase
09-Jun-21,Tamil Nadu,96.94,4980,Increase,Increase
10-Jun-21,Tamil Nadu,96.94,4966,Same,Decrease
11-Jun-21,Tamil Nadu,97.19,4994,Increase,Increase
12-Jun-21,Tamil Nadu,97.43,4964,Increase,Decrease
13-Jun-21,Tamil Nadu,97.43,4964,Same,Same
14-Jun-21,Tamil Nadu,97.69,4924,Increase,Decrease
15-Jun-21,Tamil Nadu,97.69,4944,Same,Increase
16-Jun-21,Tamil Nadu,97.91,4936,Increase,Decrease
17-Jun-21,Tamil Nadu,97.91,4859,Same,Decrease
18-Jun-21,Tamil Nadu,98.14,4819,Increase,Decrease
19-Jun-21,Tamil Nadu,98.14,4789,Same,Decrease
20-Jun-21,Tamil Nadu,98.4,4789,Increase,Same
21-Jun-21,Tamil Nadu,98.4,4809,Same,Increase
22-Jun-21,Tamil Nadu,98.65,4799,Increase,Decrease
23-Jun-21,Tamil Nadu,98.65,4814,Same,Increase
24-Jun-21,Tamil Nadu,98.88,4809,Increase,Decrease
25-Jun-21,Tamil Nadu,98.88,4809,Same,Same
26-Jun-21,Tamil Nadu,99.19,4804,Increase,Decrease
27-Jun-21,Tamil Nadu,99.49,4804,Increase,Same
28-Jun-21,Tamil Nadu,99.49,4799,Same,Decrease
29-Jun-21,Tamil Nadu,99.8,4789,Increase,Decrease
30-Jun-21,Tamil Nadu,99.8,4765,Same,Decrease
01-Jul-21,Tamil Nadu,99.8,4804,Same,Increase
02-Jul-21,Tamil Nadu,100.13,4839,Increase,Increase
03-Jul-21,Tamil Nadu,100.13,4844,Same,Increase
04-Jul-21,Tamil Nadu,100.53,4844,Increase,Same
05-Jul-21,Tamil Nadu,100.53,4832,Same,Decrease
06-Jul-21,Tamil Nadu,100.75,4870,Increase,Increase
07-Jul-21,Tamil Nadu,101.06,4870,Increase,Same
08-Jul-21,Tamil Nadu,101.37,4900,Increase,Increase
09-Jul-21,Tamil Nadu,101.37,4875,Same,Decrease
10-Jul-21,Tamil Nadu,101.67,4885,Increase,Increase
11-Jul-21,Tamil Nadu,101.67,4885,Same,Same
12-Jul-21,Tamil Nadu,101.92,4867,Increase,Decrease
13-Jul-21,Tamil Nadu,101.92,4878,Same,Increase
14-Jul-21,Tamil Nadu,101.92,4891,Same,Increase
15-Jul-21,Tamil Nadu,102.23,4929,Increase,Increase
16-Jul-21,Tamil Nadu,102.23,4914,Same,Decrease
17-Jul-21,Tamil Nadu,102.49,4896,Increase,Decrease
18-Jul-21,Tamil Nadu,102.49,4896,Same,Same
19-Jul-21,Tamil Nadu,102.49,4888,Same,Decrease
20-Jul-21,Tamil Nadu,102.49,4898,Same,Increase
21-Jul-21,Tamil Nadu,102.49,4884,Same,Decrease
22-Jul-21,Tamil Nadu,102.49,4854,Same,Decrease
23-Jul-21,Tamil Nadu,102.49,4875,Same,Increase
24-Jul-21,Tamil Nadu,102.49,4874,Same,Decrease
25-Jul-21,Tamil Nadu,102.49,4874,Same,Same
26-Jul-21,Tamil Nadu,102.49,4889,Same,Increase
27-Jul-21,Tamil Nadu,102.49,4866,Same,Decrease
28-Jul-21,Tamil Nadu,102.49,4871,Same,Increase
29-Jul-21,Tamil Nadu,102.49,4905,Same,Increase
30-Jul-21,Tamil Nadu,102.49,4933,Same,Increase
31-Jul-21,Tamil Nadu,102.49,4912,Same,Decrease
01-Aug-21,Tamil Nadu,102.49,4912,Same,Same
02-Aug-21,Tamil Nadu,102.49,4887,Same,Decrease
03-Aug-21,Tamil Nadu,102.49,4891,Same,Increase
04-Aug-21,Tamil Nadu,102.49,4895,Same,Increase
05-Aug-21,Tamil Nadu,102.49,4887,Same,Decrease
06-Aug-21,Tamil Nadu,102.49,4865,Same,Decrease
07-Aug-21,Tamil Nadu,102.49,4804,Same,Decrease
08-Aug-21,Tamil Nadu,102.49,4804,Same,Same
09-Aug-21,Tamil Nadu,102.49,4755,Same,Decrease
10-Aug-21,Tamil Nadu,102.49,4727,Same,Decrease
11-Aug-21,Tamil Nadu,102.49,4732,Same,Increase
12-Aug-21,Tamil Nadu,102.49,4759,Same,Increase
13-Aug-21,Tamil Nadu,102.49,4759,Same,Same
14-Aug-21,Tamil Nadu,99.47,4799,Decrease,Increase
15-Aug-21,Tamil Nadu,99.47,4799,Same,Same
16-Aug-21,Tamil Nadu,99.47,4792,Same,Decrease
17-Aug-21,Tamil Nadu,99.47,4841,Same,Increase
18-Aug-21,Tamil Nadu,99.47,4828,Same,Decrease
19-Aug-21,Tamil Nadu,99.47,4828,Same,Same
20-Aug-21,Tamil Nadu,99.47,4824,Same,Decrease
21-Aug-21,Tamil Nadu,99.47,4829,Same,Increase
22-Aug-21,Tamil Nadu,99.32,4829,Decrease,Same
23-Aug-21,Tamil Nadu,99.32,4822,Same,Decrease
24-Aug-21,Tamil Nadu,99.2,4849,Decrease,Increase
25-Aug-21,Tamil Nadu,99.2,4838,Same,Decrease
26-Aug-21,Tamil Nadu,99.2,4814,Same,Decrease
27-Aug-21,Tamil Nadu,99.2,4823,Same,Increase
28-Aug-21,Tamil Nadu,99.2,4871,Same,Increase
29-Aug-21,Tamil Nadu,99.2,4871,Same,Same
30-Aug-21,Tamil Nadu,99.2,4830,Same,Decrease
31-Aug-21,Tamil Nadu,99.2,4818,Same,Decrease
01-Sep-21,Tamil Nadu,99.08,4816,Decrease,Decrease
02-Sep-21,Tamil Nadu,99.08,4819,Same,Increase
03-Sep-21,Tamil Nadu,99.08,4816,Same,Decrease
04-Sep-21,Tamil Nadu,99.08,4860,Same,Increase
05-Sep-21,Tamil Nadu,98.96,4860,Decrease,Same
06-Sep-21,Tamil Nadu,98.96,4843,Same,Decrease
07-Sep-21,Tamil Nadu,98.96,4836,Same,Decrease
08-Sep-21,Tamil Nadu,98.96,4814,Same,Decrease
09-Sep-21,Tamil Nadu,98.96,4797,Same,Decrease
10-Sep-21,Tamil Nadu,98.96,4815,Same,Increase
11-Sep-21,Tamil Nadu,98.96,4804,Same,Decrease
12-Sep-21,Tamil Nadu,98.96,4804,Same,Same
13-Sep-21,Tamil Nadu,98.96,4798,Same,Decrease
14-Sep-21,Tamil Nadu,98.96,4798,Same,Same
15-Sep-21,Tamil Nadu,98.96,4816,Same,Increase
16-Sep-21,Tamil Nadu,98.96,4779,Same,Decrease
17-Sep-21,Tamil Nadu,98.96,4735,Same,Decrease
18-Sep-21,Tamil Nadu,98.96,4733,Same,Decrease
19-Sep-21,Tamil Nadu,98.96,4733,Same,Same
20-Sep-21,Tamil Nadu,98.96,4724,Same,Decrease
21-Sep-21,Tamil Nadu,98.96,4735,Same,Increase
22-Sep-21,Tamil Nadu,98.96,4777,Same,Increase
23-Sep-21,Tamil Nadu,98.96,4747,Same,Decrease
24-Sep-21,Tamil Nadu,98.96,4726,Same,Decrease
25-Sep-21,Tamil Nadu,98.96,4728,Same,Increase
26-Sep-21,Tamil Nadu,98.96,4728,Same,Same
27-Sep-21,Tamil Nadu,98.96,4715,Same,Decrease
28-Sep-21,Tamil Nadu,99.15,4717,Increase,Increase
29-Sep-21,Tamil Nadu,99.15,4713,Same,Decrease
30-Sep-21,Tamil Nadu,99.36,4700,Increase,Decrease
01-Oct-21,Tamil Nadu,99.58,4732,Increase,Increase
02-Oct-21,Tamil Nadu,99.8,4751,Increase,Increase
03-Oct-21,Tamil Nadu,100.01,4751,Increase,Same
04-Oct-21,Tamil Nadu,100.01,4737,Same,Decrease
05-Oct-21,Tamil Nadu,100.23,4753,Increase,Increase
06-Oct-21,Tamil Nadu,100.49,4751,Increase,Decrease
07-Oct-21,Tamil Nadu,100.75,4772,Increase,Increase
08-Oct-21,Tamil Nadu,101.01,4777,Increase,Increase
09-Oct-21,Tamil Nadu,101.27,4802,Increase,Increase
10-Oct-21,Tamil Nadu,101.53,4802,Increase,Same
11-Oct-21,Tamil Nadu,101.79,4790,Increase,Decrease
12-Oct-21,Tamil Nadu,101.79,4811,Same,Increase
13-Oct-21,Tamil Nadu,101.79,4818,Same,Increase
14-Oct-21,Tamil Nadu,102.1,4891,Increase,Increase
15-Oct-21,Tamil Nadu,102.4,4879,Increase,Decrease
16-Oct-21,Tamil Nadu,102.7,4829,Increase,Decrease
17-Oct-21,Tamil Nadu,103.01,4829,Increase,Same
18-Oct-21,Tamil Nadu,103.01,4820,Same,Decrease
19-Oct-21,Tamil Nadu,103.01,4848,Same,Increase
20-Oct-21,Tamil Nadu,103.31,4833,Increase,Decrease
21-Oct-21,Tamil Nadu,103.61,4846,Increase,Increase
22-Oct-21,Tamil Nadu,103.92,4851,Increase,Increase
23-Oct-21,Tamil Nadu,104.22,4879,Increase,Increase
24-Oct-21,Tamil Nadu,104.52,4879,Increase,Same
25-Oct-21,Tamil Nadu,104.52,4892,Same,Increase
26-Oct-21,Tamil Nadu,104.52,4900,Same,Increase
27-Oct-21,Tamil Nadu,104.83,4864,Increase,Decrease
28-Oct-21,Tamil Nadu,105.13,4886,Increase,Increase
29-Oct-21,Tamil Nadu,105.43,4872,Increase,Decrease
30-Oct-21,Tamil Nadu,105.74,4870,Increase,Decrease
31-Oct-21,Tamil Nadu,106.04,4870,Increase,Same
01-Nov-21,Tamil Nadu,106.35,4857,Increase,Decrease
02-Nov-21,Tamil Nadu,106.66,4867,Increase,Increase
03-Nov-21,Tamil Nadu,106.66,4833,Same,Decrease
04-Nov-21,Tamil Nadu,101.4,4811,Decrease,Decrease
05-Nov-21,Tamil Nadu,101.4,4869,Same,Increase
06-Nov-21,Tamil Nadu,101.4,4905,Same,Increase
07-Nov-21,Tamil Nadu,101.4,4905,Same,Same
08-Nov-21,Tamil Nadu,101.4,4878,Same,Decrease
09-Nov-21,Tamil Nadu,101.4,4897,Same,Increase
10-Nov-21,Tamil Nadu,101.4,4918,Same,Increase
11-Nov-21,Tamil Nadu,101.4,5010,Same,Increase
12-Nov-21,Tamil Nadu,101.4,4986,Same,Decrease
13-Nov-21,Tamil Nadu,101.4,5019,Same,Increase
14-Nov-21,Tamil Nadu,101.4,5019,Same,Same
15-Nov-21,Tamil Nadu,101.4,5000,Same,Decrease
16-Nov-21,Tamil Nadu,101.4,5023,Same,Increase
17-Nov-21,Tamil Nadu,101.4,4992,Same,Decrease
18-Nov-21,Tamil Nadu,101.4,4999,Same,Increase
19-Nov-21,Tamil Nadu,101.4,4993,Same,Decrease
20-Nov-21,Tamil Nadu,101.4,4986,Same,Decrease
21-Nov-21,Tamil Nadu,101.4,4986,Same,Same
22-Nov-21,Tamil Nadu,101.4,4977,Same,Decrease
23-Nov-21,Tamil Nadu,101.4,4881,Same,Decrease
24-Nov-21,Tamil Nadu,101.4,4854,Same,Decrease
25-Nov-21,Tamil Nadu,101.4,4860,Same,Increase
26-Nov-21,Tamil Nadu,101.4,4906,Same,Increase
27-Nov-21,Tamil Nadu,101.4,4888,Same,Decrease
28-Nov-21,Tamil Nadu,101.4,4888,Same,Same
29-Nov-21,Tamil Nadu,101.4,4895,Same,Increase
30-Nov-21,Tamil Nadu,101.4,4892,Same,Decrease
01-Dec-21,Tamil Nadu,101.4,4852,Same,Decrease
02-Dec-21,Tamil Nadu,101.4,4831,Same,Decrease
03-Dec-21,Tamil Nadu,101.4,4832,Same,Increase
04-Dec-21,Tamil Nadu,101.4,4875,Same,Increase
05-Dec-21,Tamil Nadu,101.4,4875,Same,Same
06-Dec-21,Tamil Nadu,101.4,4872,Same,Decrease
07-Dec-21,Tamil Nadu,101.4,4878,Same,Increase
08-Dec-21,Tamil Nadu,101.4,4894,Same,Increase
09-Dec-21,Tamil Nadu,101.4,4879,Same,Decrease
10-Dec-21,Tamil Nadu,101.4,4872,Same,Decrease
11-Dec-21,Tamil Nadu,101.4,4904,Same,Increase
12-Dec-21,Tamil Nadu,101.4,4904,Same,Same
13-Dec-21,Tamil Nadu,101.4,4901,Same,Decrease
14-Dec-21,Tamil Nadu,101.4,4908,Same,Increase
15-Dec-21,Tamil Nadu,101.4,4881,Same,Decrease
16-Dec-21,Tamil Nadu,101.4,4922,Same,Increase
17-Dec-21,Tamil Nadu,101.4,4964,Same,Increase
18-Dec-21,Tamil Nadu,101.4,4962,Same,Decrease
19-Dec-21,Tamil Nadu,101.4,4962,Same,Same
20-Dec-21,Tamil Nadu,101.4,4940,Same,Decrease
21-Dec-21,Tamil Nadu,101.4,4914,Same,Decrease
22-Dec-21,Tamil Nadu,101.4,4894,Same,Decrease
23-Dec-21,Tamil Nadu,101.4,4918,Same,Increase
24-Dec-21,Tamil Nadu,101.4,4917,Same,Decrease
25-Dec-21,Tamil Nadu,101.4,4919,Same,Increase
26-Dec-21,Tamil Nadu,101.4,4919,Same,Same
27-Dec-21,Tamil Nadu,101.4,4902,Same,Decrease
28-Dec-21,Tamil Nadu,101.4,4910,Same,Increase
29-Dec-21,Tamil Nadu,101.4,4889,Same,Decrease
30-Dec-21,Tamil Nadu,101.4,4868,Same,Decrease
31-Dec-21,Tamil Nadu,101.4,4885,Same,Increase
01-Jan-22,Tamil Nadu,101.4,4925,Same,Increase
02-Jan-22,Tamil Nadu,101.4,4925,Same,Same
03-Jan-22,Tamil Nadu,101.4,4911,Same,Decrease
04-Jan-22,Tamil Nadu,101.4,4880,Same,Decrease
05-Jan-22,Tamil Nadu,101.4,4896,Same,Increase
06-Jan-22,Tamil Nadu,101.4,4866,Same,Decrease
07-Jan-22,Tamil Nadu,101.4,4842,Same,Decrease
08-Jan-22,Tamil Nadu,101.4,4858,Same,Increase
09-Jan-22,Tamil Nadu,101.4,4840,Same,Decrease
10-Jan-22,Tamil Nadu,101.4,4856,Same,Increase
11-Jan-22,Tamil Nadu,101.4,4876,Same,Increase
13-Jan-22,Tamil Nadu,101.4,4887,Same,Increase
14-Jan-22,Tamil Nadu,101.4,4908,Same,Increase
15-Jan-22,Tamil Nadu,101.4,4903,Same,Decrease
16-Jan-22,Tamil Nadu,101.4,4903,Same,Same
17-Jan-22,Tamil Nadu,101.4,4903,Same,Same
18-Jan-22,Tamil Nadu,101.4,4906,Same,Increase
19-Jan-22,Tamil Nadu,101.4,4913,Same,Increase
20-Jan-22,Tamil Nadu,101.4,4954,Same,Increase
21-Jan-22,Tamil Nadu,101.4,4938,Same,Decrease
22-Jan-22,Tamil Nadu,101.4,4954,Same,Increase
23-Jan-22,Tamil Nadu,101.4,4954,Same,Same
24-Jan-22,Tamil Nadu,101.4,4971,Same,Increase
25-Jan-22,Tamil Nadu,101.4,4971,Same,Same
26-Jan-22,Tamil Nadu,101.4,5003,Same,Increase
27-Jan-22,Tamil Nadu,101.4,4944,Same,Decrease
28-Jan-22,Tamil Nadu,101.4,4903,Same,Decrease
29-Jan-22,Tamil Nadu,101.4,4899,Same,Decrease
30-Jan-22,Tamil Nadu,101.4,4899,Same,Same
31-Jan-22,Tamil Nadu,101.4,4878,Same,Decrease
01-Feb-22,Tamil Nadu,101.4,4898,Same,Increase
02-Feb-22,Tamil Nadu,101.4,4890,Same,Decrease
03-Feb-22,Tamil Nadu,101.4,4898,Same,Increase
04-Feb-22,Tamil Nadu,101.4,4903,Same,Increase
05-Feb-22,Tamil Nadu,101.4,4908,Same,Increase
06-Feb-22,Tamil Nadu,101.4,4908,Same,Same
07-Feb-22,Tamil Nadu,101.4,4911,Same,Increase
08-Feb-22,Tamil Nadu,101.4,4924,Same,Increase
09-Feb-22,Tamil Nadu,101.4,4950,Same,Increase
10-Feb-22,Tamil Nadu,101.4,4967,Same,Increase
11-Feb-22,Tamil Nadu,101.4,4976,Same,Increase
12-Feb-22,Tamil Nadu,101.4,5081,Same,Increase
13-Feb-22,Tamil Nadu,101.4,5081,Same,Same
14-Feb-22,Tamil Nadu,101.4,5061,Same,Decrease
15-Feb-22,Tamil Nadu,101.4,5062,Same,Increase
16-Feb-22,Tamil Nadu,101.4,5029,Same,Decrease
17-Feb-22,Tamil Nadu,101.4,5106,Same,Increase
18-Feb-22,Tamil Nadu,101.4,5095,Same,Decrease
19-Feb-22,Tamil Nadu,101.4,5099,Same,Increase
20-Feb-22,Tamil Nadu,101.4,5099,Same,Same
21-Feb-22,Tamil Nadu,101.4,5079,Same,Decrease
22-Feb-22,Tamil Nadu,101.4,5116,Same,Increase
23-Feb-22,Tamil Nadu,101.4,5085,Same,Decrease
24-Feb-22,Tamil Nadu,101.4,5317,Same,Increase
25-Feb-22,Tamil Nadu,101.4,5175,Same,Decrease
26-Feb-22,Tamil Nadu,101.4,5104,Same,Decrease
27-Feb-22,Tamil Nadu,101.4,5104,Same,Same
28-Feb-22,Tamil Nadu,101.4,5148,Same,Increase
01-Mar-22,Tamil Nadu,101.4,5164,Same,Increase
02-Mar-22,Tamil Nadu,101.4,5244,Same,Increase
03-Mar-22,Tamil Nadu,101.4,5230,Same,Decrease
04-Mar-22,Tamil Nadu,101.4,5239,Same,Increase
05-Mar-22,Tamil Nadu,101.4,5336,Same,Increase
06-Mar-22,Tamil Nadu,101.4,5336,Same,Same
07-Mar-22,Tamil Nadu,101.4,5437,Same,Increase
08-Mar-22,Tamil Nadu,101.4,5455,Same,Increase
09-Mar-22,Tamil Nadu,101.4,5419,Same,Decrease
10-Mar-22,Tamil Nadu,101.4,5284,Same,Decrease
11-Mar-22,Tamil Nadu,101.4,5298,Same,Increase
12-Mar-22,Tamil Nadu,101.4,5293,Same,Decrease
13-Mar-22,Tamil Nadu,101.4,5293,Same,Same
14-Mar-22,Tamil Nadu,101.4,5268,Same,Decrease
15-Mar-22,Tamil Nadu,101.4,5230,Same,Decrease
16-Mar-22,Tamil Nadu,101.4,5186,Same,Decrease
17-Mar-22,Tamil Nadu,101.4,5206,Same,Increase
18-Mar-22,Tamil Nadu,101.4,5231,Same,Increase
19-Mar-22,Tamil Nadu,101.4,5204,Same,Decrease
20-Mar-22,Tamil Nadu,101.4,5204,Same,Same
21-Mar-22,Tamil Nadu,101.4,5192,Same,Decrease
22-Mar-22,Tamil Nadu,102.16,5195,Increase,Increase
23-Mar-22,Tamil Nadu,102.91,5193,Increase,Decrease
24-Mar-22,Tamil Nadu,102.91,5222,Same,Increase
25-Mar-22,Tamil Nadu,103.67,5248,Increase,Increase
26-Mar-22,Tamil Nadu,104.43,5243,Increase,Decrease
27-Mar-22,Tamil Nadu,104.9,5243,Increase,Same
28-Mar-22,Tamil Nadu,105.18,5215,Increase,Decrease
29-Mar-22,Tamil Nadu,105.94,5192,Increase,Decrease
30-Mar-22,Tamil Nadu,106.69,5189,Increase,Decrease
31-Mar-22,Tamil Nadu,107.45,5199,Increase,Increase
01-Apr-22,Tamil Nadu,107.45,5224,Same,Increase
02-Apr-22,Tamil Nadu,108.21,5224,Increase,Same
03-Apr-22,Tamil Nadu,108.96,5224,Increase,Same
04-Apr-22,Tamil Nadu,109.34,5209,Increase,Decrease
05-Apr-22,Tamil Nadu,110.09,5224,Increase,Increase
06-Apr-22,Tamil Nadu,110.85,5241,Increase,Increase
07-Apr-22,Tamil Nadu,110.85,5273,Same,Increase
08-Apr-22,Tamil Nadu,110.85,5285,Same,Increase
09-Apr-22,Tamil Nadu,110.85,5318,Same,Increase
